ticker,shares
1301.T,11877283.0
130A.T,6487114.0
1332.T,303271829.0
1333.T,151183299.0
135A.T,10256000.0
1375.T,39882822.0
1376.T,10966049.0
1377.T,42259696.0
1379.T,31346374.0
137A.T,2952340.0
1380.T,4169122.0
1381.T,5615670.0
1382.T,761620.0
1383.T,1600356.0
1384.T,8458838.0
138A.T,992000.0
1401.T,6931902.0
1407.T,39659150.0
1414.T,200961640.0
1417.T,87916008.0
1418.T,15253949.0
1419.T,28988158.0
141A.T,122642482.0
1420.T,12401689.0
1429.T,32181729.0
142A.T,2905200.0
1430.T,11990562.0
1431.T,23265827.0
1433.T,8860910.0
1434.T,6958520.0
1435.T,88857000.0
1436.T,12367095.0
1438.T,3244213.0
143A.T,1932700.0
1443.T,16234098.0
1444.T,1087877.0
1446.T,9302600.0
1447.T,24357966.0
1450.T,8698750.0
145A.T,5124800.0
146A.T,7668600.0
147A.T,45740479.0
148A.T,1920600.0
1491.T,14369676.0
149A.T,3214320.0
150A.T,5666100.0
1514.T,59823147.0
1515.T,78682023.0
1518.T,37027960.0
151A.T,8400775.0
153A.T,6346400.0
155A.T,10285504.0
156A.T,9442892.0
157A.T,3314900.0
1605.T,1162189867.0
160A.T,3587400.0
1662.T,255999402.0
1663.T,53405424.0
166A.T,61720624.0
167A.T,40100944.0
168A.T,1470000.0
1711.T,10432663.0
1716.T,11248607.0
1717.T,11758656.0
1718.T,1073669.0
1719.T,156883072.0
1720.T,106273199.0
1721.T,115470249.0
1723.T,63732812.0
1724.T,4479123.0
1736.T,15494352.0
173A.T,4218101.0
1758.T,1996002.0
175A.T,2155951.0
1762.T,34818467.0
1764.T,1246284.0
1766.T,11100980.0
1768.T,7305368.0
1770.T,9184046.0
177A.T,5111600.0
1780.T,18627182.0
1783.T,193308568.0
1786.T,128632331.0
1787.T,2452013.0
1788.T,626852.0
1793.T,25434086.0
1795.T,877692.0
1798.T,10904700.0
1799.T,17707127.0
1801.T,163009119.0
1802.T,687421514.0
1803.T,679201277.0
1807.T,6243957.0
1808.T,264644418.0
1810.T,28520861.0
1811.T,7161528.0
1812.T,461299593.0
1813.T,15149354.0
1814.T,10295215.0
1815.T,13930927.0
1820.T,39484430.0
1822.T,84281230.0
1826.T,12045582.0
1827.T,34363945.0
1828.T,10498450.0
1833.T,35870669.0
1835.T,34441761.0
1840.T,25774988.0
1844.T,18716051.0
1847.T,14516944.0
1848.T,17664842.0
184A.T,3413500.0
1850.T,28027542.0
1852.T,80486496.0
1853.T,32749698.0
1860.T,296040040.0
1861.T,169917537.0
1866.T,24320756.0
1867.T,6575169.0
186A.T,141780800.0
1870.T,43181716.0
1871.T,46819446.0
1873.T,39998190.0
1878.T,325420771.0
1879.T,58489508.0
1882.T,46207588.0
1885.T,77316780.0
1887.T,79746254.0
1888.T,12727355.0
1893.T,271174196.0
1897.T,2104921.0
1898.T,36632141.0
1899.T,16563308.0
189A.T,2286000.0
1904.T,6216664.0
1905.T,6666237.0
1909.T,26814704.0
190A.T,75216400.0
1911.T,613170557.0
1914.T,18291634.0
1921.T,33564195.0
1925.T,619347095.0
1926.T,41060399.0
1928.T,648238209.0
1929.T,41769277.0
192A.T,2140000.0
1930.T,27502538.0
1934.T,68686811.0
1938.T,24780549.0
1939.T,47334611.0
1941.T,52942503.0
1942.T,199013954.0
1944.T,164481718.0
1945.T,33134863.0
1946.T,92832858.0
1948.T,8733600.0
194A.T,7549900.0
1950.T,58372105.0
1951.T,203216625.0
1952.T,45448458.0
1959.T,70734825.0
195A.T,3418520.0
1960.T,15354430.0
1961.T,152752368.0
1963.T,241850699.0
1964.T,6981503.0
1965.T,20503530.0
1966.T,7309684.0
1967.T,22386289.0
1968.T,63104380.0
1969.T,130862824.0
196A.T,10198900.0
1972.T,19277535.0
1975.T,25875683.0
1976.T,45902096.0
1979.T,62999595.0
197A.T,106454551.0
1980.T,129378062.0
1981.T,9721274.0
1982.T,41265030.0
198A.T,12350060.0
1992.T,2289728.0
1994.T,7923747.0
1997.T,2021982.0
2001.T,82661080.0
2002.T,279614342.0
2003.T,36419148.0
2004.T,32496840.0
2009.T,23294420.0
2053.T,28696273.0
2055.T,18111793.0
205A.T,3923855.0
2060.T,38269144.0
206A.T,36964000.0
208A.T,10497678.0
2108.T,11765628.0
2109.T,31116649.0
2112.T,27519654.0
2114.T,51300172.0
2117.T,32738556.0
211A.T,1006900.0
2120.T,128340581.0
2121.T,65309346.0
2122.T,6276831.0
2124.T,158953625.0
2127.T,317057300.0
212A.T,16694240.0
2130.T,12818043.0
2134.T,551440992.0
2136.T,3805191.0
2138.T,9567720.0
2139.T,6800024.0
2146.T,567451010.0
2148.T,19485347.0
2152.T,10802550.0
2153.T,17976172.0
2154.T,84946782.0
2156.T,5147072.0
2157.T,82868004.0
2158.T,39181503.0
215A.T,99735797.0
2160.T,65803775.0
2162.T,19200741.0
2163.T,21199326.0
2164.T,15445958.0
2168.T,37352427.0
2169.T,6819639.0
2170.T,106584367.0
2173.T,15657148.0
2175.T,82080449.0
2179.T,5547898.0
2180.T,14811344.0
2181.T,2230672808.0
2183.T,22586431.0
2185.T,12921538.0
2186.T,7867235.0
218A.T,18959900.0
2193.T,71884597.0
2195.T,17552470.0
2198.T,29098060.0
219A.T,22874200.0
2201.T,83969462.0
2204.T,5714605.0
2206.T,61308712.0
2207.T,16301830.0
2208.T,24171469.0
2209.T,12797074.0
220A.T,2746500.0
2211.T,25775606.0
2212.T,196904890.0
2215.T,6923391.0
2216.T,42182392.0
2217.T,20060598.0
2220.T,63249150.0
2221.T,10258687.0
2222.T,154433036.0
2224.T,3474518.0
2226.T,10667778.0
2229.T,121587854.0
2264.T,322774528.0
2266.T,18383422.0
2267.T,287717026.0
2268.T,9635837.0
2269.T,271101956.0
2270.T,60150111.0
2281.T,50262348.0
2282.T,94133328.0
2286.T,8166241.0
2288.T,24072689.0
228A.T,2300050.0
2291.T,3336533.0
2292.T,31673283.0
2293.T,2053531.0
2294.T,9583076.0
2296.T,56750572.0
2300.T,5260996.0
2301.T,13354665.0
2303.T,5945388.0
2304.T,4960892.0
2305.T,16983820.0
2307.T,13996100.0
2311.T,8952732.0
2315.T,177304443.0
2317.T,357455827.0
2321.T,51987302.0
2323.T,21001948.0
2325.T,9523112.0
2326.T,13366385.0
2327.T,182981405.0
2329.T,137594963.0
2330.T,43591290.0
2331.T,486070693.0
2332.T,5127027.0
2334.T,42651470.0
2335.T,15177046.0
2337.T,391977766.0
2338.T,49132796.0
2340.T,31721925.0
2341.T,18289482.0
2342.T,16653219.0
2345.T,18579916.0
2349.T,10925558.0
2351.T,7801882.0
2353.T,312163523.0
2354.T,17825985.0
2359.T,14366101.0
2370.T,278917255.0
2371.T,197836267.0
2373.T,13524721.0
2375.T,19891680.0
2376.T,5607983.0
2378.T,18915942.0
2379.T,52354930.0
2384.T,39717367.0
2385.T,26158198.0
2388.T,42455078.0
2391.T,6630770.0
2393.T,15540723.0
2395.T,41631814.0
2404.T,13360162.0
2408.T,7170029.0
2410.T,5286627.0
2411.T,11034000.0
2413.T,667429661.0
2415.T,10377962.0
2418.T,47043766.0
241A.T,7283170.0
2424.T,5318661.0
2425.T,3793193.0
2428.T,18958040.0
2429.T,17650431.0
2432.T,93640974.0
2433.T,359032040.0
2435.T,11221963.0
2436.T,17392104.0
2437.T,11017818.0
2438.T,15001254.0
2440.T,56374138.0
2445.T,45845395.0
2449.T,4455132.0
244A.T,3355580.0
2454.T,14089693.0
2459.T,7502800.0
245A.T,2524660.0
2461.T,65655829.0
2462.T,19190064.0
2464.T,12663324.0
2469.T,9915158.0
246A.T,2557300.0
2471.T,78103645.0
2475.T,19182966.0
2477.T,5929073.0
2479.T,8027100.0
247A.T,64948876.0
2480.T,3528086.0
2481.T,5520623.0
2483.T,3356793.0
2484.T,111373008.0
2485.T,22502342.0
2488.T,5452568.0
2489.T,39082120.0
248A.T,2621000.0
2491.T,21676329.0
2492.T,266507867.0
2493.T,4424458.0
2497.T,37441202.0
2498.T,11899340.0
2499.T,9065600.0
2501.T,389841557.0
2502.T,1462866952.0
2503.T,798337519.0
250A.T,14304998.0
2531.T,191444354.0
2533.T,55697075.0
253A.T,6368902.0
254A.T,8702675.0
255A.T,12845770.0
256A.T,19152724.0
2573.T,13607030.0
2579.T,161878624.0
2585.T,51889181.0
2586.T,113264553.0
2587.T,308999660.0
2588.T,30552072.0
2590.T,31698877.0
2593.T,84322517.0
25935.T,30907804.0
2594.T,21423453.0
2597.T,13383018.0
2602.T,91470969.0
2607.T,85982487.0
2612.T,27612414.0
2613.T,33115266.0
261A.T,11702700.0
262A.T,30600000.0
264A.T,12276280.0
2652.T,32395530.0
2653.T,34181024.0
2654.T,13464481.0
2656.T,31861700.0
2659.T,60313099.0
265A.T,4033400.0
2664.T,22334247.0
2666.T,14450789.0
2667.T,15117362.0
2668.T,6795605.0
2669.T,9466608.0
2670.T,247616620.0
2673.T,10116700.0
2674.T,13913120.0
2676.T,18679534.0
2678.T,89537972.0
2681.T,39783471.0
2683.T,2518664.0
2685.T,46128190.0
2687.T,4936349.0
2689.T,5928028.0
268A.T,226422899.0
2693.T,11608634.0
2694.T,235747517.0
2695.T,79486274.0
2698.T,16001234.0
269A.T,1637100.0
2700.T,8178582.0
2702.T,132958736.0
2705.T,7258293.0
2708.T,4626276.0
2721.T,10288480.0
2722.T,7562014.0
2726.T,173261406.0
2730.T,105739714.0
2733.T,33476712.0
2734.T,63257842.0
2735.T,13274354.0
2736.T,3582951.0
2737.T,6800843.0
2742.T,21348282.0
2747.T,1263915.0
2749.T,85638477.0
274A.T,7149960.0
2750.T,7773323.0
2751.T,12040552.0
2752.T,51267463.0
2753.T,20545770.0
2760.T,29449481.0
2762.T,40550249.0
2763.T,29729075.0
2764.T,70647411.0
2767.T,62252445.0
2768.T,208060241.0
2769.T,7841799.0
276A.T,5058023.0
2776.T,53319300.0
2778.T,11852085.0
277A.T,28432500.0
2780.T,10989227.0
2782.T,62671538.0
2784.T,175410054.0
2788.T,12923124.0
2789.T,5764356.0
278A.T,9745300.0
2790.T,24582677.0
2791.T,13411493.0
2792.T,27877797.0
2795.T,5172790.0
2796.T,11502525.0
2798.T,3298068.0
2801.T,926537737.0
2802.T,954561741.0
2804.T,12609617.0
2805.T,24175811.0
2806.T,6947521.0
2809.T,135745497.0
280A.T,3734800.0
2810.T,89959702.0
2811.T,90408542.0
2813.T,2495108.0
2814.T,3587881.0
2815.T,31848287.0
2816.T,9652691.0
2818.T,6927948.0
2819.T,9739037.0
281A.T,5987357.0
2820.T,6967126.0
2831.T,9410561.0
285A.T,547242487.0
286A.T,35789100.0
2871.T,250617306.0
2872.T,1403395.0
2874.T,59149158.0
2875.T,96951937.0
2876.T,8904998.0
2877.T,12097845.0
287A.T,42449980.0
2882.T,11357595.0
2883.T,5858773.0
2884.T,23874486.0
288A.T,25867483.0
2892.T,4776128.0
2894.T,16646719.0
2897.T,287058295.0
2901.T,28602597.0
2903.T,10660719.0
2904.T,18325211.0
2907.T,7485447.0
2908.T,28473316.0
290A.T,131879450.0
2910.T,26140697.0
2911.T,1815570.0
2914.T,1775357592.0
2915.T,14397735.0
2916.T,11383592.0
2917.T,4965032.0
2918.T,17315882.0
291A.T,2035600.0
2922.T,12582453.0
2923.T,5043611.0
2924.T,8149622.0
2926.T,14157780.0
2927.T,14559605.0
2929.T,29043377.0
2930.T,139443167.0
2931.T,139252138.0
2932.T,17778303.0
2933.T,22829675.0
2934.T,5333418.0
2935.T,12528230.0
2936.T,53394065.0
2937.T,9304954.0
2938.T,50253380.0
2961.T,4460244.0
2962.T,9193374.0
296A.T,37403000.0
2970.T,16580052.0
2975.T,37938057.0
2978.T,11722491.0
297A.T,69019144.0
2980.T,16112956.0
2981.T,5698830.0
2982.T,49369984.0
2983.T,10672422.0
2984.T,8672012.0
2986.T,22924269.0
298A.T,4638203.0
2991.T,23954906.0
2993.T,4339068.0
2997.T,1853500.0
2998.T,35662060.0
2999.T,9395400.0
299A.T,42805560.0
3001.T,31649538.0
3002.T,31344956.0
3003.T,759319729.0
3004.T,3917475.0
300A.T,7103296.0
3010.T,233912926.0
3011.T,15311964.0
3020.T,2702845.0
3021.T,5255154.0
3023.T,10540067.0
3024.T,3897120.0
3028.T,37499672.0
302A.T,2909968.0
3030.T,12577918.0
3031.T,20331733.0
3034.T,37577566.0
3035.T,5473202.0
3036.T,30061058.0
3038.T,221811141.0
303A.T,2050700.0
3040.T,18541390.0
3041.T,4100748.0
3042.T,7689552.0
3045.T,2132740.0
3046.T,23345412.0
3048.T,171252728.0
304A.T,1231900.0
3050.T,136631153.0
3053.T,61423780.0
3054.T,9656792.0
3058.T,7283394.0
3059.T,4867407.0
3063.T,12307247.0
3064.T,491772534.0
3065.T,3094882.0
3067.T,8927433.0
3068.T,6265490.0
3069.T,48225105.0
3070.T,80689811.0
3071.T,27636500.0
3075.T,12520787.0
3076.T,53273182.0
3077.T,6929561.0
3079.T,10500956.0
3080.T,12811720.0
3082.T,11299677.0
3083.T,8378938.0
3086.T,245908464.0
3087.T,42022363.0
3088.T,393319508.0
3089.T,1765650.0
3091.T,29774448.0
3092.T,881796731.0
3093.T,23441209.0
3096.T,9323950.0
3097.T,38400448.0
3099.T,348753774.0
3101.T,88244768.0
3103.T,57653848.0
3104.T,33717687.0
3105.T,156198424.0
3106.T,15819602.0
3107.T,86325391.0
3109.T,12695030.0
3110.T,182025600.0
3111.T,6597103.0
3113.T,93235520.0
3116.T,178659697.0
3121.T,29271784.0
3123.T,12694679.0
3131.T,1885119.0
3132.T,178563057.0
3133.T,62415783.0
3134.T,16001001.0
3135.T,5354405.0
3137.T,12675000.0
3138.T,3302401.0
3139.T,10010608.0
3140.T,14342615.0
3143.T,9020013.0
3148.T,64602264.0
3150.T,23124402.0
3151.T,48073483.0
3153.T,21108257.0
3154.T,22237259.0
3156.T,28117729.0
3157.T,13271698.0
3159.T,92544827.0
3160.T,14276588.0
3161.T,5709854.0
3166.T,13041884.0
3167.T,128896125.0
3168.T,14153884.0
3169.T,7057064.0
3172.T,4273376.0
3173.T,6867482.0
3174.T,3144428.0
3175.T,12757944.0
3176.T,57650546.0
3177.T,923132.0
3178.T,19292905.0
3179.T,21219008.0
3180.T,12545211.0
3181.T,3660957.0
3182.T,34732844.0
3183.T,27498836.0
3184.T,2099721.0
3185.T,18366024.0
3186.T,78392038.0
3187.T,17700875.0
3189.T,45033636.0
3190.T,7055500.0
3191.T,60273477.0
3192.T,6655962.0
3193.T,23072568.0
3195.T,8165449.0
3196.T,25930924.0
3197.T,227393580.0
3199.T,18688015.0
319A.T,8845891.0
3201.T,65133052.0
3202.T,29859274.0
3204.T,8726075.0
3205.T,27393867.0
3221.T,10255460.0
3222.T,207101189.0
3223.T,1560735.0
3224.T,5339346.0
3231.T,854209307.0
3232.T,100521944.0
3236.T,33095215.0
3237.T,46492384.0
3238.T,9613618.0
323A.T,3419400.0
3241.T,11547887.0
3242.T,36985451.0
3245.T,50343074.0
3246.T,10156713.0
3248.T,3180803.0
324A.T,5414800.0
3252.T,20679542.0
325A.T,22693323.0
3261.T,4100037.0
3266.T,37632270.0
3267.T,5372176.0
3271.T,28305924.0
3276.T,16702070.0
3277.T,16228846.0
3280.T,6060003.0
3284.T,40901663.0
3286.T,3867044.0
3288.T,110449823.0
3289.T,712734197.0
3291.T,276330224.0
3293.T,8050166.0
3297.T,2710486.0
3299.T,23494749.0
3300.T,7400907.0
3302.T,25625573.0
3306.T,4405858.0
330A.T,5714400.0
3315.T,291022839.0
3317.T,2890258.0
331A.T,7322800.0
3320.T,7432999.0
3321.T,7971134.0
3323.T,80731355.0
3326.T,4250410.0
3329.T,8071599.0
332A.T,11483200.0
3333.T,26041919.0
3349.T,79257265.0
334A.T,3323800.0
3350.T,1281256899.0
3352.T,2343410.0
3353.T,3765879.0
3355.T,19719917.0
3358.T,37280595.0
3359.T,10610849.0
335A.T,11021300.0
3360.T,91650634.0
3361.T,18333926.0
336A.T,23642050.0
3370.T,3432221.0
3371.T,25472490.0
3372.T,13698753.0
3374.T,3498616.0
3375.T,1258433.0
3377.T,14319199.0
3382.T,2311742771.0
3386.T,5672721.0
3387.T,451001006.0
3388.T,12601218.0
338A.T,2721200.0
3391.T,453091961.0
3392.T,16243672.0
3393.T,9349609.0
3395.T,21437599.0
3396.T,7122586.0
3397.T,87917557.0
3399.T,19699696.0
339A.T,7618050.0
3401.T,192915902.0
3402.T,1457336448.0
3405.T,301297152.0
3407.T,1346237384.0
3409.T,31546162.0
340A.T,7753815.0
3415.T,42618369.0
3416.T,1734022.0
3417.T,13641276.0
3418.T,10813275.0
341A.T,13637560.0
3420.T,7359538.0
3421.T,15739616.0
3422.T,11479911.0
3423.T,30208072.0
3426.T,3989757.0
3431.T,26518992.0
3433.T,59468698.0
3434.T,9611233.0
3435.T,7914465.0
3436.T,349713221.0
3437.T,1581989.0
3439.T,4676392.0
343A.T,4767800.0
3440.T,6420764.0
3441.T,4241897.0
3443.T,51277958.0
3444.T,12079416.0
3445.T,26596258.0
3446.T,5904515.0
3447.T,13558881.0
3449.T,18339090.0
3452.T,18835738.0
3454.T,14024290.0
3457.T,19968606.0
3461.T,6765141.0
3465.T,31046060.0
3467.T,5753697.0
3469.T,4377723.0
3474.T,6539000.0
3475.T,28706818.0
3477.T,3999228.0
3479.T,37435228.0
3480.T,21073022.0
3482.T,16872899.0
3484.T,16810540.0
3486.T,15973896.0
3489.T,29642307.0
3490.T,1507736.0
3491.T,41052465.0
3494.T,7837480.0
3495.T,2762215.0
3496.T,12335339.0
3498.T,24538772.0
3501.T,13266418.0
350A.T,40408380.0
3512.T,16751248.0
3513.T,4207443.0
3521.T,26449033.0
3524.T,2593164.0
3529.T,16014006.0
352A.T,12920871.0
3536.T,30325251.0
3537.T,3424373.0
3538.T,9093264.0
3539.T,50957792.0
3542.T,10632173.0
3543.T,45510203.0
3544.T,13780275.0
3547.T,10843117.0
3548.T,36076130.0
3549.T,94963067.0
3550.T,13852204.0
3551.T,8129102.0
3553.T,23830702.0
3556.T,14653939.0
3557.T,4954120.0
3558.T,10371137.0
3559.T,4703098.0
3560.T,2321292.0
3561.T,30105742.0
3562.T,6564151.0
3563.T,227222506.0
3565.T,42956754.0
3566.T,10112400.0
3569.T,58634241.0
3571.T,12186434.0
3577.T,3156011.0
3580.T,37614644.0
3583.T,2738372.0
3591.T,49437079.0
3597.T,2881877.0
3598.T,14176887.0
3600.T,1376482.0
3607.T,9063240.0
3608.T,56140997.0
3611.T,10498438.0
3612.T,76200810.0
3622.T,6998887.0
3623.T,6234043.0
3624.T,65313200.0
3625.T,7116087.0
3626.T,209828373.0
3627.T,12069552.0
3628.T,12691187.0
3632.T,171803378.0
3633.T,5158851.0
3634.T,2442815.0
3635.T,334086800.0
3636.T,15759362.0
3639.T,6511094.0
3640.T,5549665.0
3641.T,8650163.0
3645.T,9246970.0
3646.T,4729547.0
3647.T,21197428.0
3648.T,16682032.0
3649.T,24409135.0
3652.T,3145123.0
3653.T,5163135.0
3656.T,79218983.0
3657.T,35360249.0
3659.T,784122998.0
365A.T,9100000.0
3660.T,100029198.0
3661.T,68777472.0
3662.T,18586116.0
3663.T,29631016.0
3664.T,84638307.0
3665.T,39672600.0
3667.T,45592876.0
3668.T,128567663.0
366A.T,12463400.0
3670.T,1197804.0
3671.T,24049172.0
3672.T,86546006.0
3673.T,181026746.0
3674.T,10521684.0
3675.T,18753263.0
3676.T,22298804.0
3678.T,15179026.0
3679.T,99169345.0
367A.T,8747143.0
3680.T,15307285.0
3681.T,25877428.0
3682.T,6662568.0
3683.T,11107526.0
3686.T,43448440.0
3687.T,32303258.0
368A.T,40000000.0
3690.T,6242468.0
3691.T,4359305.0
3692.T,7909540.0
3694.T,54498640.0
3695.T,4403124.0
3696.T,11544612.0
3697.T,255605108.0
3698.T,5226073.0
369A.T,4242900.0
3708.T,34848131.0
3710.T,5100716.0
3712.T,15124580.0
3719.T,29894195.0
3723.T,9867176.0
3726.T,13136018.0
3727.T,43607752.0
372A.T,3857137.0
3733.T,4942753.0
373A.T,2587500.0
3741.T,10209612.0
3744.T,8669062.0
3747.T,7185550.0
3750.T,8928099.0
3753.T,14681475.0
3758.T,20354754.0
3760.T,6025903.0
3762.T,40185148.0
3763.T,25748767.0
3765.T,52366884.0
3766.T,3418486.0
3768.T,7412154.0
3769.T,75943073.0
3771.T,16584953.0
3772.T,19178522.0
3773.T,15015091.0
3774.T,177330005.0
3776.T,61457978.0
3777.T,323348900.0
3778.T,40024661.0
3779.T,11567673.0
3787.T,2592959.0
3788.T,11469742.0
378A.T,14250000.0
3791.T,20221425.0
3793.T,28666517.0
3796.T,13802754.0
3798.T,56578380.0
3799.T,8361327.0
3800.T,7610096.0
3802.T,3430140.0
3803.T,3317731.0
3804.T,19255083.0
3807.T,45816520.0
3810.T,81912863.0
3815.T,10828856.0
3816.T,3875000.0
3817.T,12633889.0
3823.T,131420600.0
3825.T,146609800.0
3826.T,10917719.0
3834.T,25910998.0
3835.T,43943738.0
3836.T,34452352.0
3837.T,16838771.0
3839.T,8194187.0
3840.T,82680236.0
3841.T,3849328.0
3842.T,3092646.0
3843.T,21822315.0
3844.T,31893228.0
3845.T,22239641.0
3848.T,6370272.0
3850.T,4871583.0
3851.T,5060244.0
3853.T,16985944.0
3854.T,24999789.0
3856.T,18950651.0
3858.T,10458883.0
3861.T,849234293.0
3863.T,115308503.0
3864.T,43808179.0
3865.T,158801963.0
386A.T,3605000.0
3877.T,12565368.0
3878.T,9806207.0
387A.T,1738190.0
3880.T,154216660.0
3891.T,10546664.0
3892.T,4644924.0
3895.T,7835664.0
3896.T,10001943.0
3900.T,15829474.0
3901.T,12746520.0
3903.T,51000334.0
3904.T,15408534.0
3905.T,31926099.0
3907.T,2744978.0
3908.T,4654705.0
3909.T,8572700.0
3910.T,5427494.0
3911.T,46668200.0
3912.T,6493838.0
3913.T,2018212.0
3914.T,6577463.0
3915.T,12908877.0
3916.T,29462866.0
3917.T,7829184.0
3918.T,9921480.0
3920.T,5557441.0
3921.T,14017873.0
3922.T,13524535.0
3923.T,354109341.0
3925.T,13515846.0
3926.T,31013499.0
3927.T,5344393.0
3928.T,9423361.0
3929.T,11708747.0
3930.T,2997755.0
3931.T,1806809.0
3932.T,12032269.0
3933.T,7470210.0
3934.T,5898407.0
3935.T,5783658.0
3936.T,36562189.0
3937.T,12123241.0
3939.T,47457294.0
3940.T,45109596.0
3941.T,244572641.0
3943.T,7843364.0
3944.T,1109419.0
3945.T,1485149.0
3946.T,16525801.0
3947.T,9767487.0
3948.T,5373337.0
3950.T,55250646.0
3951.T,20678965.0
3953.T,3561662.0
3954.T,4390006.0
3955.T,9998367.0
3958.T,5439814.0
3962.T,69578947.0
3963.T,28042588.0
3964.T,90720638.0
3965.T,5757507.0
3967.T,6183257.0
3968.T,36346977.0
3969.T,7487182.0
3970.T,2688334.0
3974.T,3132380.0
3976.T,5925946.0
3979.T,27543964.0
3981.T,5588287.0
3983.T,15289402.0
3984.T,15730298.0
3985.T,10700903.0
3986.T,4565100.0
3987.T,5166953.0
3988.T,10581711.0
3989.T,23931269.0
3991.T,9507183.0
3992.T,37868256.0
3993.T,30896513.0
3994.T,55465041.0
3996.T,12798976.0
3997.T,40675250.0
3998.T,6309618.0
4004.T,180983523.0
4005.T,1651872408.0
4008.T,64412925.0
4011.T,6106052.0
4012.T,4295047.0
4013.T,19697565.0
4014.T,6686179.0
4015.T,15570677.0
4016.T,2002750.0
4017.T,6742057.0
4019.T,8781364.0
4020.T,2164526.0
4021.T,133489233.0
4022.T,39061345.0
4023.T,38218898.0
4025.T,8347446.0
4026.T,9087023.0
4027.T,22661583.0
4028.T,38266773.0
402A.T,66390000.0
4031.T,8957677.0
4040.T,1995971.0
4041.T,53603528.0
4042.T,307890546.0
4043.T,71945163.0
4044.T,24792784.0
4045.T,105868139.0
4046.T,121298825.0
4047.T,57353949.0
4051.T,8256674.0
4052.T,5847535.0
4053.T,39029308.0
4054.T,13725837.0
4055.T,7478660.0
4056.T,17190847.0
4057.T,4035676.0
4058.T,10837023.0
4059.T,2986951.0
4060.T,5829332.0
4061.T,86199714.0
4062.T,279468441.0
4063.T,1859694761.0
4064.T,9325433.0
4068.T,1839497.0
4069.T,3339167.0
4071.T,42402150.0
4072.T,10715400.0
4073.T,2537843.0
4074.T,6685677.0
4075.T,5840000.0
4076.T,2905962.0
4078.T,15311035.0
407A.T,9894900.0
4082.T,24148370.0
4088.T,229217006.0
4091.T,432853299.0
4092.T,8676751.0
4093.T,34795930.0
4094.T,19460787.0
4095.T,105685343.0
4097.T,55203407.0
4098.T,2976436.0
4099.T,86498440.0
409A.T,42150961.0
4100.T,5787380.0
4102.T,2132434.0
4107.T,50957770.0
4109.T,12206079.0
410A.T,5451968.0
4112.T,15906116.0
4113.T,14328625.0
4114.T,147756884.0
4116.T,68261840.0
4118.T,60142470.0
4119.T,1569506.0
4120.T,1306375.0
4124.T,846637.0
4125.T,4320314.0
414A.T,20008000.0
4151.T,523486836.0
415A.T,1578649.0
4165.T,41075773.0
4166.T,2732655.0
4167.T,7613986.0
4168.T,12778465.0
4169.T,42916134.0
416A.T,6599527.0
4170.T,17079582.0
4171.T,2975401.0
4172.T,2227835.0
4174.T,4046562.0
4175.T,5502741.0
4176.T,22399910.0
4177.T,3985485.0
4178.T,3743600.0
4179.T,5426466.0
417A.T,203584770.0
4180.T,102071360.0
4182.T,195022703.0
4183.T,361543799.0
4186.T,119900516.0
4187.T,20337271.0
4188.T,1358547433.0
4189.T,35008616.0
4192.T,35522040.0
4193.T,5141079.0
4194.T,40219425.0
4196.T,2470146.0
4197.T,1158437.0
4198.T,6634583.0
4199.T,2549556.0
4202.T,255393485.0
4203.T,87735417.0
4204.T,405092405.0
4205.T,191345507.0
4206.T,63275660.0
4208.T,97145192.0
4212.T,29967047.0
4216.T,18783892.0
4218.T,20180909.0
421A.T,8442200.0
4220.T,47589288.0
4221.T,11296161.0
4222.T,15538290.0
4224.T,4608167.0
4228.T,45597568.0
4229.T,6635949.0
4231.T,19320046.0
4234.T,9631907.0
4235.T,15928709.0
4237.T,28574839.0
4238.T,8779467.0
423A.T,33765525.0
4240.T,5692556.0
4241.T,4420831.0
4242.T,2798993.0
4243.T,2322757.0
4245.T,13269402.0
4246.T,65057127.0
4247.T,2634574.0
4248.T,12066996.0
4249.T,14315381.0
4251.T,18495531.0
4255.T,2102646.0
4256.T,6065932.0
4258.T,8210604.0
4259.T,95156659.0
4260.T,11293468.0
4261.T,1477493.0
4262.T,6356617.0
4263.T,16861946.0
4264.T,6206332.0
4265.T,4767800.0
4270.T,2250400.0
4272.T,148326291.0
4274.T,4002465.0
4275.T,22054137.0
4284.T,20053442.0
4286.T,10733629.0
4287.T,11276692.0
4288.T,3815517.0
428A.T,12744600.0
4290.T,124734777.0
4293.T,207445109.0
4299.T,10422952.0
429A.T,99348623.0
4301.T,16215255.0
4307.T,559697389.0
4308.T,24866338.0
4310.T,8738700.0
4316.T,3560865.0
4317.T,13155855.0
4318.T,55861864.0
431A.T,8215200.0
4320.T,16675537.0
4323.T,24718901.0
4324.T,259586355.0
4326.T,38210330.0
4331.T,14602113.0
4334.T,8418520.0
4335.T,2287975.0
4337.T,15346889.0
4341.T,3383568.0
4343.T,19781771.0
4344.T,138314977.0
4345.T,41154179.0
4346.T,13007853.0
4347.T,7127169.0
4350.T,29228476.0
4351.T,4259566.0
4356.T,5709631.0
4360.T,8174140.0
4361.T,1217361.0
4362.T,21684983.0
4365.T,2901140.0
4366.T,32206050.0
4367.T,4891020.0
4368.T,105796374.0
4369.T,32496751.0
436A.T,15782050.0
4370.T,6055378.0
4371.T,15964612.0
4372.T,3830963.0
4373.T,223856824.0
4374.T,3745712.0
4375.T,55697233.0
4376.T,60316201.0
4377.T,18362529.0
4378.T,2955811.0
4379.T,15450900.0
4380.T,9780728.0
4381.T,2908470.0
4382.T,17789313.0
4385.T,165220384.0
4386.T,5726280.0
4387.T,4749636.0
4388.T,6077007.0
4389.T,10351497.0
438A.T,20727600.0
4390.T,13086974.0
4391.T,3260649.0
4392.T,30374273.0
4393.T,3974243.0
4394.T,6050846.0
4395.T,7499884.0
4396.T,20604544.0
4397.T,15246685.0
4398.T,4419654.0
4401.T,96975974.0
4403.T,224734398.0
4404.T,10200951.0
4406.T,37282274.0
4409.T,21027985.0
4410.T,24310150.0
4412.T,8112912.0
4413.T,31195253.0
4414.T,5393049.0
4415.T,6144694.0
4416.T,4841200.0
4417.T,14992688.0
4418.T,15775066.0
4419.T,51898282.0
441A.T,33063892.0
4420.T,19700331.0
4421.T,2908664.0
4422.T,8558700.0
4424.T,6577296.0
4425.T,11327599.0
4427.T,10219966.0
4428.T,6207713.0
4429.T,4500134.0
442A.T,2070390.0
4430.T,4797017.0
4431.T,19262297.0
4432.T,34690738.0
4433.T,17842400.0
4434.T,7415594.0
4436.T,15369637.0
4437.T,7568694.0
4438.T,8435552.0
4439.T,29747368.0
4440.T,3999341.0
4441.T,10311050.0
4442.T,19802294.0
4443.T,125326338.0
4444.T,2018730.0
4445.T,2385184.0
4446.T,14174032.0
4447.T,5822005.0
4448.T,42035208.0
4450.T,3131830.0
4452.T,904641766.0
4461.T,10611084.0
4462.T,13665542.0
4463.T,15921537.0
4464.T,21595164.0
4465.T,5928940.0
446A.T,69000000.0
4471.T,22121273.0
4475.T,31172568.0
4476.T,3805946.0
4477.T,115157371.0
4478.T,59273569.0
4479.T,12748473.0
4480.T,30045906.0
4481.T,18138594.0
4482.T,20222228.0
4483.T,65442992.0
4484.T,15910291.0
4486.T,7918576.0
4487.T,12105790.0
4488.T,3954063.0
4490.T,9269725.0
4491.T,2037710.0
4492.T,11571082.0
4493.T,10099687.0
4495.T,4890582.0
4496.T,6945851.0
4498.T,16363604.0
4499.T,11544405.0
4502.T,1596751439.0
4503.T,1791492258.0
4506.T,448593393.0
4507.T,850975437.0
4512.T,34705839.0
4516.T,67400929.0
4519.T,1645763056.0
4521.T,37868315.0
4523.T,282236007.0
4524.T,4098725.0
4526.T,29375799.0
4527.T,225964292.0
4528.T,469907311.0
4531.T,21613646.0
4534.T,35353737.0
4536.T,321687341.0
4538.T,8537051.0
4539.T,3624756.0
4540.T,74545456.0
4543.T,1475083041.0
4544.T,54996882.0
4547.T,41451945.0
4548.T,54602739.0
4549.T,32965573.0
4552.T,122016830.0
4553.T,49227867.0
4554.T,26119761.0
4558.T,10675477.0
4559.T,44079398.0
4563.T,395626320.0
4564.T,398643572.0
4565.T,91731154.0
4568.T,1819653230.0
4569.T,57446295.0
456A.T,22911400.0
4570.T,9313458.0
4571.T,83189429.0
4572.T,19185564.0
4574.T,50251187.0
4575.T,19703057.0
4576.T,56495826.0
4577.T,28743822.0
4578.T,525393423.0
4579.T,26018392.0
4582.T,72147741.0
4583.T,72628571.0
4584.T,49630825.0
4586.T,59365098.0
4587.T,128492365.0
4588.T,29284998.0
4591.T,55948816.0
4592.T,78041343.0
4593.T,135001900.0
4594.T,138891219.0
4595.T,19048650.0
4596.T,140244101.0
4597.T,273005222.0
4598.T,14224802.0
4599.T,62681079.0
460A.T,4512600.0
4611.T,28562533.0
4612.T,2319458588.0
4613.T,176045682.0
4615.T,34037096.0
4616.T,995435.0
4617.T,49613816.0
4619.T,21292151.0
4620.T,28697974.0
4623.T,3707537.0
4624.T,1905429.0
4625.T,5325155.0
4626.T,111276682.0
4627.T,7558173.0
4628.T,13490106.0
4629.T,4575177.0
462A.T,23880101.0
4631.T,94686829.0
4633.T,48732112.0
4634.T,46897692.0
4635.T,12494412.0
463A.T,9973491.0
4641.T,58848810.0
4642.T,6010413.0
4644.T,9639035.0
4645.T,8041095.0
464A.T,55710432.0
4650.T,8954011.0
4651.T,47803815.0
4657.T,4788589.0
4658.T,34660252.0
4661.T,1639716594.0
4662.T,14648480.0
4664.T,3008699.0
4665.T,47078737.0
4666.T,170731167.0
4667.T,5280163.0
4668.T,25464331.0
4671.T,9971868.0
4673.T,875066.0
4674.T,40142175.0
4676.T,142445818.0
4678.T,6709681.0
4679.T,7437054.0
4680.T,262872673.0
4681.T,212349693.0
4684.T,430937490.0
4685.T,12754612.0
4686.T,64223780.0
4687.T,46611075.0
4689.T,6862324702.0
4691.T,11994553.0
4694.T,37483599.0
469A.T,1066090.0
4704.T,129767336.0
4705.T,3602188.0
4707.T,5600449.0
4709.T,33979460.0
4712.T,18818576.0
4714.T,170301620.0
4716.T,128155291.0
4718.T,18472947.0
4719.T,14038644.0
471A.T,51253000.0
4720.T,8031441.0
4722.T,88675961.0
4725.T,17288181.0
4728.T,7579434.0
472A.T,16929750.0
4732.T,454040498.0
4733.T,75176703.0
4735.T,7685742.0
4736.T,5282979.0
4743.T,26463156.0
4746.T,17981918.0
4750.T,6412838.0
4751.T,507099063.0
4752.T,4281147.0
4754.T,4651275.0
4755.T,2173690151.0
475A.T,5235200.0
4760.T,804040.0
4761.T,11005411.0
4762.T,4179907.0
4763.T,21175231.0
4765.T,138065104.0
4766.T,10752822.0
4767.T,41353284.0
4768.T,379201199.0
4769.T,7433962.0
476A.T,2037488.0
4771.T,14792503.0
4772.T,115894901.0
4776.T,45363605.0
4777.T,28024900.0
477A.T,4131000.0
4783.T,8022616.0
4784.T,304247024.0
478A.T,10162500.0
4792.T,19204804.0
479A.T,4439970.0
4800.T,12837675.0
4801.T,11200613.0
4809.T,10091448.0
480A.T,6647500.0
4811.T,11980550.0
4812.T,195178725.0
4813.T,37604292.0
4814.T,12706503.0
4816.T,204312971.0
4819.T,46112151.0
4820.T,69221005.0
4825.T,44413890.0
4826.T,55830484.0
4828.T,59646623.0
4829.T,38534900.0
4832.T,31409675.0
4833.T,72602015.0
4838.T,16210497.0
4839.T,28337561.0
483A.T,1630000.0
4840.T,8641402.0
4845.T,17118845.0
4847.T,26184058.0
4848.T,34811579.0
4849.T,37757493.0
485A.T,114246750.0
4880.T,19847199.0
4881.T,44846688.0
4882.T,16999510.0
4883.T,96334035.0
4884.T,8078017.0
4885.T,4025074.0
4886.T,28396114.0
4887.T,115485634.0
4888.T,36019993.0
4889.T,13776890.0
4890.T,25794300.0
4891.T,45565757.0
4892.T,9970400.0
4893.T,43301640.0
4894.T,8257480.0
4896.T,11622600.0
4901.T,1195987347.0
4902.T,494183693.0
4911.T,399618579.0
4912.T,276666621.0
4914.T,97496050.0
4918.T,6283323.0
4919.T,31780546.0
4920.T,2093780.0
4922.T,56736134.0
4923.T,29136935.0
4925.T,3781480.0
4926.T,4160510.0
4927.T,221282069.0
4928.T,34156207.0
4929.T,8000395.0
4931.T,21185570.0
4932.T,9253215.0
4933.T,17785329.0
4934.T,8720379.0
4935.T,30025580.0
4936.T,22870400.0
4937.T,3563045.0
4951.T,20869890.0
4956.T,62419244.0
4958.T,40592212.0
4960.T,16113011.0
4966.T,15993286.0
4967.T,74338764.0
4968.T,19838729.0
4970.T,7936738.0
4971.T,18260635.0
4972.T,16595165.0
4973.T,5803161.0
4975.T,24619723.0
4976.T,3972099.0
4977.T,18213086.0
4978.T,97962635.0
4979.T,10086833.0
4980.T,167510141.0
4985.T,21847495.0
4990.T,10650595.0
4992.T,25780179.0
4994.T,6069066.0
4996.T,120471869.0
4997.T,78325584.0
4998.T,16479147.0
500A.T,3486700.0
5010.T,19749253.0
5011.T,28455429.0
5013.T,12891620.0
5015.T,22957714.0
5016.T,928462870.0
5018.T,9177180.0
5019.T,1198450775.0
5020.T,2669425158.0
5021.T,158789515.0
5025.T,2669399.0
5026.T,8388100.0
5027.T,59512900.0
5028.T,8073043.0
5029.T,4377804.0
5031.T,13966000.0
5032.T,59950923.0
5033.T,6354421.0
5034.T,3743471.0
5035.T,6689096.0
5036.T,45058965.0
5038.T,15130860.0
504A.T,45098744.0
505A.T,11231000.0
5071.T,8434927.0
5074.T,70633074.0
5076.T,252693368.0
50765.T,
5078.T,3389200.0
5079.T,5154437.0
5101.T,157747665.0
5103.T,75847346.0
5105.T,153995698.0
5108.T,1244646283.0
5110.T,262835772.0
5121.T,18473362.0
5122.T,16984130.0
5125.T,4467500.0
5126.T,1631700.0
5129.T,14814520.0
5131.T,13897000.0
5132.T,7788423.0
5133.T,17106232.0
5134.T,3875280.0
5136.T,5937491.0
5137.T,37349352.0
5138.T,4915958.0
5139.T,20763035.0
5142.T,13665921.0
5161.T,36255039.0
5162.T,4487675.0
5184.T,13146967.0
5185.T,14222368.0
5186.T,27433233.0
5187.T,8012507.0
5189.T,1934642.0
5192.T,27911606.0
5194.T,10855999.0
5195.T,40587009.0
5199.T,1267421.0
519A.T,5903895.0
5201.T,212393793.0
5202.T,142303540.0
5204.T,4170144.0
5208.T,32776284.0
520A.T,17984645.0
5210.T,10220824.0
5214.T,73683670.0
5216.T,54583143.0
5218.T,23734432.0
5232.T,31691265.0
5233.T,108956979.0
5237.T,11901906.0
523A.T,19106700.0
5240.T,12265280.0
5242.T,1025927.0
5243.T,19369477.0
5244.T,41208200.0
5246.T,27225514.0
5247.T,2816842.0
5248.T,16921788.0
5250.T,3511969.0
5252.T,4150896.0
5253.T,63770316.0
5254.T,6823959.0
5255.T,64657422.0
5256.T,1274840.0
5257.T,1389789.0
5258.T,29675200.0
5261.T,5557069.0
5262.T,50940438.0
5268.T,13171348.0
5269.T,54268663.0
5271.T,1320417.0
5273.T,70252120.0
5279.T,2916513.0
5280.T,6869706.0
5282.T,30634899.0
5283.T,1652024.0
5284.T,6058826.0
5285.T,9693225.0
5287.T,2951891.0
5288.T,38088756.0
5290.T,49356260.0
5301.T,213506193.0
5302.T,10828591.0
5304.T,19840145.0
5310.T,20972216.0
5331.T,54995420.0
5332.T,164452497.0
5333.T,281483262.0
5334.T,194994085.0
5337.T,32056421.0
5341.T,9162188.0
5344.T,12339847.0
5351.T,45633120.0
5355.T,6645345.0
5356.T,10262324.0
5357.T,18426115.0
5363.T,44431759.0
5367.T,11955254.0
5368.T,8667257.0
5380.T,707540.0
5381.T,13931818.0
5384.T,74183256.0
5388.T,12178352.0
5391.T,5529702.0
5393.T,188463331.0
5401.T,5226293989.0
5406.T,395453033.0
5408.T,54215336.0
5410.T,14623705.0
5411.T,636136318.0
5423.T,101940815.0
542A.T,5600000.0
543A.T,2581069854.0
5440.T,43458886.0
5444.T,59752410.0
5445.T,25036113.0
5446.T,3857912.0
5449.T,29918539.0
544A.T,75805530.0
5451.T,143244680.0
5458.T,3002139.0
545A.T,39940609.0
5461.T,26789222.0
5463.T,221411657.0
5464.T,37976235.0
546A.T,35481762.0
5471.T,199853804.0
547A.T,478996457.0
5480.T,13853753.0
5482.T,64246798.0
5484.T,7427759.0
548A.T,5234000.0
5491.T,6455936.0
549A.T,14000000.0
550A.T,876000.0
5527.T,12455253.0
5532.T,6485230.0
5533.T,3512800.0
5535.T,64304484.0
5537.T,8126500.0
5541.T,17387670.0
5542.T,6656032.0
554A.T,4622300.0
5563.T,124787164.0
556A.T,2739500.0
5570.T,13232000.0
5571.T,4804690.0
5572.T,4315244.0
5574.T,9936142.0
5575.T,4905869.0
5576.T,2325831.0
5578.T,9806799.0
5580.T,1682900.0
5582.T,4785840.0
5586.T,15948013.0
5587.T,3449559.0
5588.T,11064745.0
5589.T,7244575.0
558A.T,3251500.0
5590.T,16890743.0
5591.T,6107654.0
5592.T,11389782.0
5597.T,4032201.0
5599.T,5571204.0
559A.T,6023920.0
5602.T,60692580.0
5603.T,3282296.0
5609.T,4821139.0
5612.T,3213010.0
5616.T,2420450.0
5618.T,8536800.0
5619.T,3508478.0
5621.T,9593157.0
5631.T,73610779.0
5632.T,15121154.0
5644.T,2862640.0
5658.T,44909859.0
5659.T,30712819.0
5660.T,5909669.0
5695.T,2909574.0
5697.T,6044430.0
5698.T,28500528.0
5699.T,3286908.0
5702.T,39572274.0
5703.T,61591150.0
5704.T,5553450.0
5706.T,57212304.0
5707.T,18212492.0
5711.T,130677441.0
5713.T,268483110.0
5714.T,59148297.0
5715.T,32431753.0
5721.T,177563610.0
5724.T,5034843.0
5726.T,36798391.0
5729.T,9802968.0
5741.T,181069305.0
5742.T,5448554.0
5753.T,2137002.0
5757.T,8256193.0
575A.T,38252768.0
5801.T,703498050.0
5802.T,3119679500.0
5803.T,1655700561.0
5805.T,29628293.0
5816.T,12186663.0
5817.T,5625800.0
5819.T,6841297.0
581A.T,77679600.0
5820.T,4125554.0
5821.T,15545574.0
5830.T,287099091.0
5831.T,530550554.0
5832.T,177766230.0
5834.T,15926968.0
5838.T,174510536.0
5842.T,34054206.0
5843.T,2869697.0
5844.T,282502992.0
5845.T,26227613.0
584A.T,6787400.0
5851.T,31809471.0
5852.T,24940307.0
5857.T,85944518.0
5858.T,2125476.0
5867.T,3129477.0
5868.T,3727900.0
5869.T,10058247.0
5870.T,5332100.0
5871.T,5358673.0
5884.T,12138058.0
5885.T,5452292.0
5888.T,2758522.0
5889.T,24200180.0
5891.T,5661969.0
5892.T,5457078.0
589A.T,4100000.0
5900.T,5483389.0
5901.T,150585299.0
5902.T,12314117.0
5903.T,5500652.0
5905.T,1353355.0
5906.T,13925762.0
5909.T,29244830.0
5911.T,39356465.0
5915.T,4582060.0
5918.T,2063762.0
5921.T,2752541.0
5922.T,1166202.0
5923.T,5827959.0
5928.T,10478550.0
5929.T,208939072.0
5930.T,70338625.0
5932.T,31339497.0
5933.T,19732054.0
5936.T,6332219.0
5938.T,287593061.0
5939.T,779059.0
5940.T,12539092.0
5941.T,6213892.0
5942.T,19269415.0
5943.T,45673857.0
5945.T,8931830.0
5946.T,34001808.0
5947.T,138072392.0
5949.T,44585433.0
5950.T,13777474.0
5951.T,16184909.0
5952.T,11852996.0
5955.T,133381110.0
5956.T,8837226.0
5957.T,36301863.0
5958.T,2803962.0
5959.T,44117697.0
5962.T,960586.0
5965.T,13106236.0
5966.T,2416350.0
5967.T,21667222.0
5969.T,1867400.0
5970.T,42812587.0
5971.T,1300320.0
5973.T,5668565.0
5974.T,3264254.0
5975.T,48365554.0
5976.T,32215320.0
5981.T,15420292.0
5982.T,15902294.0
5983.T,1041567.0
5984.T,13899958.0
5985.T,30291286.0
5986.T,22404271.0
5987.T,1655593.0
5988.T,24049292.0
5989.T,28147129.0
5990.T,2361661.0
5991.T,202589091.0
5992.T,25224041.0
5994.T,4279107.0
5997.T,4824656.0
5998.T,4104928.0
6005.T,115749360.0
6013.T,72542751.0
6016.T,8383645.0
6018.T,3241864.0
6022.T,1338299.0
6023.T,25431475.0
6027.T,22783178.0
6029.T,10266734.0
6030.T,7177377.0
6031.T,20410640.0
6033.T,5354708.0
6034.T,5473280.0
6035.T,17763376.0
6036.T,27291114.0
6037.T,18990658.0
6038.T,4908452.0
6039.T,12924460.0
6040.T,46040427.0
6042.T,1868064.0
6044.T,6452694.0
6045.T,7856132.0
6046.T,18770904.0
6047.T,23949626.0
6049.T,20287092.0
6050.T,11595845.0
6054.T,27562980.0
6055.T,102774180.0
6058.T,46904439.0
6059.T,19404415.0
6061.T,9210220.0
6062.T,32681388.0
6063.T,2519134.0
6069.T,7759536.0
6070.T,11876642.0
6071.T,37868294.0
6072.T,22430494.0
6073.T,9772924.0
6074.T,4025653.0
6078.T,26718504.0
6080.T,31778580.0
6081.T,15845379.0
6082.T,9798133.0
6083.T,22447935.0
6085.T,114740760.0
6086.T,18882176.0
6087.T,3978961.0
6088.T,80719753.0
6089.T,22912778.0
6090.T,5419779.0
6091.T,13141319.0
6092.T,8117595.0
6093.T,43551198.0
6094.T,17376512.0
6096.T,9534463.0
6098.T,1392171369.0
6099.T,60483466.0
6101.T,46524926.0
6103.T,58711065.0
6104.T,23647012.0
6113.T,310322520.0
6118.T,54341230.0
6125.T,6610053.0
6134.T,87913069.0
6135.T,23391657.0
6136.T,82172021.0
6137.T,21110285.0
6138.T,2971470.0
6140.T,48136499.0
6141.T,141100178.0
6143.T,49930635.0
6144.T,15029732.0
6145.T,16874482.0
6146.T,108467725.0
6147.T,4437244.0
6149.T,5721580.0
6150.T,919293.0
6151.T,18757788.0
6155.T,10791499.0
6156.T,5038226.0
6157.T,23482071.0
6158.T,6522351.0
6159.T,4616287.0
6161.T,9967865.0
6165.T,27536119.0
6166.T,11020899.0
6167.T,19578644.0
6171.T,14220469.0
6176.T,14470312.0
6177.T,25228854.0
6178.T,2806316928.0
6180.T,1796507.0
6181.T,44968571.0
6182.T,10887570.0
6183.T,74345321.0
6184.T,41194972.0
6185.T,14627033.0
6186.T,5528300.0
6189.T,9529867.0
6190.T,4070196.0
6191.T,22295256.0
6193.T,2833324.0
6194.T,22315341.0
6195.T,13521456.0
6196.T,57608286.0
6197.T,90550624.0
6198.T,8385720.0
6199.T,13145095.0
6200.T,83988929.0
6203.T,12071245.0
6208.T,6237268.0
6209.T,26904963.0
6217.T,6387346.0
6218.T,6304127.0
6222.T,33919616.0
6223.T,19433900.0
6224.T,12919737.0
6226.T,35280968.0
6227.T,18811644.0
6228.T,13126352.0
6229.T,4367152.0
6230.T,4577848.0
6231.T,3526186.0
6232.T,19125617.0
6233.T,5213323.0
6235.T,39894126.0
6237.T,22183345.0
6238.T,26486742.0
6239.T,6935505.0
6240.T,69574594.0
6245.T,15137875.0
6246.T,11465055.0
6247.T,26293913.0
6248.T,1855110.0
6249.T,14026777.0
6250.T,40907066.0
6254.T,38288784.0
6255.T,20948976.0
6257.T,20924553.0
6258.T,30625673.0
6262.T,23941524.0
6264.T,28050490.0
6265.T,1520609.0
6266.T,14474908.0
6267.T,1682975.0
6268.T,117184523.0
6269.T,68340667.0
6272.T,27003985.0
6273.T,62868778.0
6276.T,4660188.0
6277.T,14664955.0
6278.T,19213523.0
6279.T,25974214.0
6282.T,29022394.0
6284.T,14991058.0
6286.T,6458266.0
6287.T,32464609.0
6289.T,25366042.0
6291.T,9987596.0
6292.T,6985634.0
6294.T,8057340.0
6298.T,17550086.0
6301.T,891505552.0
6302.T,118864556.0
6305.T,212736078.0
6306.T,38534974.0
6307.T,7771810.0
6309.T,29391466.0
6310.T,22628095.0
6315.T,75028019.0
6316.T,3866902.0
6317.T,9251521.0
6322.T,6904658.0
6323.T,173431740.0
6324.T,94666789.0
6325.T,11293707.0
6326.T,1126239267.0
6327.T,8167788.0
6328.T,23621093.0
6330.T,58597430.0
6331.T,22781090.0
6332.T,39602223.0
6333.T,15327293.0
6334.T,10768706.0
6335.T,7919870.0
6336.T,7987817.0
6337.T,5174753.0
6338.T,5333169.0
6339.T,52516442.0
6340.T,27666271.0
6342.T,1301003.0
6343.T,45001087.0
6345.T,64559332.0
6346.T,1211068.0
6347.T,9624342.0
6349.T,53062716.0
6351.T,47850816.0
6356.T,14236923.0
6357.T,17723816.0
6358.T,8575090.0
6360.T,1403462.0
6361.T,456133491.0
6363.T,26316572.0
6364.T,26938905.0
6365.T,4150409.0
6366.T,259163199.0
6367.T,278336120.0
6368.T,45982348.0
6369.T,15584802.0
6370.T,108145000.0
6371.T,104031492.0
6376.T,65264477.0
6378.T,19264997.0
6379.T,54008244.0
6380.T,1774217.0
6381.T,39178350.0
6382.T,16136754.0
6383.T,367709861.0
6384.T,6176851.0
6387.T,8032340.0
6390.T,11185803.0
6391.T,1654164.0
6392.T,2393635.0
6393.T,3556531.0
6395.T,126405259.0
6396.T,1104390.0
6400.T,8094660.0
6402.T,4896925.0
6405.T,11157648.0
6407.T,66835011.0
6408.T,1495872.0
6412.T,98627010.0
6413.T,62702384.0
6417.T,197513729.0
6418.T,27125037.0
6419.T,17931185.0
6420.T,40090165.0
6424.T,4171568.0
6425.T,77490861.0
6428.T,22495178.0
6430.T,14559822.0
6432.T,46192915.0
6433.T,6237901.0
6436.T,69260743.0
6440.T,29557119.0
6444.T,112689414.0
6445.T,16723081.0
6448.T,247326516.0
6454.T,179789828.0
6455.T,40971774.0
6457.T,51640128.0
6458.T,67146121.0
6459.T,49113258.0
6460.T,202925222.0
6463.T,64165793.0
6464.T,38259085.0
6465.T,140603620.0
6466.T,2345785.0
6467.T,9031414.0
6469.T,10680730.0
6470.T,28389257.0
6471.T,489320981.0
6472.T,594506284.0
6473.T,318331829.0
6474.T,21796237.0
6479.T,401595519.0
6480.T,69765208.0
6481.T,112073804.0
6482.T,31310405.0
6484.T,8027652.0
6485.T,20357929.0
6486.T,45448481.0
6488.T,12717832.0
6490.T,22861388.0
6492.T,1606741.0
6493.T,28805419.0
6494.T,48744167.0
6495.T,48155324.0
6496.T,3490852.0
6497.T,6701900.0
6498.T,86924986.0
6501.T,4484413318.0
6503.T,2046435776.0
6504.T,145991420.0
6505.T,9017286.0
6506.T,259367959.0
6507.T,28215755.0
6508.T,45363953.0
6513.T,5168165.0
6516.T,35515041.0
6517.T,20175270.0
6518.T,4577353.0
6521.T,11596377.0
6522.T,8038720.0
6523.T,126515388.0
6524.T,25905502.0
6525.T,233557189.0
6526.T,175289136.0
6532.T,147675264.0
6533.T,9341368.0
6535.T,55085173.0
6537.T,6925367.0
6538.T,20470441.0
6539.T,24853048.0
6540.T,10670146.0
6543.T,3944462.0
6544.T,178763918.0
6545.T,5345901.0
6546.T,5285649.0
6547.T,13734548.0
6548.T,19768496.0
6549.T,5521328.0
6551.T,8336036.0
6552.T,17463145.0
6554.T,8977216.0
6555.T,4499799.0
6557.T,6482136.0
6558.T,2787987.0
6560.T,4403123.0
6561.T,12555471.0
6562.T,12214783.0
6563.T,5235392.0
6564.T,27681228.0
6566.T,15871309.0
6568.T,7741320.0
6570.T,5980787.0
6571.T,13462543.0
6572.T,55721930.0
6573.T,45985080.0
6574.T,498635900.0
6577.T,1510884.0
6578.T,7348900.0
6579.T,3803000.0
6580.T,4970616.0
6584.T,35808565.0
6586.T,257655822.0
6588.T,52987605.0
6590.T,65639000.0
6592.T,241297207.0
6594.T,1146309835.0
6597.T,3867369.0
6599.T,1508947.0
6612.T,8517621.0
6613.T,41840046.0
6614.T,4391123.0
6615.T,28139734.0
6616.T,10592037.0
6617.T,15800386.0
6619.T,60324882.0
6620.T,40013947.0
6622.T,23606814.0
6625.T,110567722.0
6626.T,9595971.0
6627.T,9096989.0
6629.T,13476998.0
6630.T,55021182.0
6632.T,142182056.0
6633.T,9501367.0
6634.T,46235490.0
6635.T,6631617.0
6637.T,12264675.0
6638.T,28962385.0
6643.T,4636516.0
6644.T,43804714.0
6645.T,196629396.0
6647.T,1323400.0
6648.T,16015485.0
6651.T,37937121.0
6652.T,29591063.0
6653.T,13525447.0
6654.T,5191070.0
6656.T,4013008.0
6658.T,14995855.0
6659.T,78663644.0
6662.T,14791600.0
6663.T,5986173.0
6664.T,15000000.0
6666.T,8229966.0
6668.T,8536975.0
6674.T,100319344.0
6675.T,17491590.0
6676.T,23707744.0
6677.T,10396907.0
6678.T,6666428.0
6694.T,4323027.0
6696.T,4826880.0
6699.T,10940724.0
6701.T,1326344017.0
6702.T,1734777285.0
6703.T,86745814.0
6706.T,8717657.0
6707.T,19990739.0
6718.T,16366833.0
6721.T,55268600.0
6723.T,1814294732.0
6724.T,320427751.0
6727.T,132760631.0
6728.T,49173790.0
6730.T,10769653.0
6731.T,16112175.0
6736.T,21528028.0
6737.T,39533845.0
6740.T,4265632395.0
6741.T,62370947.0
6742.T,61722372.0
6743.T,15878894.0
6744.T,58862925.0
6745.T,74605179.0
6748.T,12883997.0
6750.T,80538615.0
6752.T,2334925020.0
6753.T,649306663.0
6754.T,127991904.0
6757.T,5220313.0
6758.T,5872462070.0
6762.T,1898154125.0
6763.T,9233519.0
6768.T,79577066.0
6769.T,10512363.0
6770.T,195114611.0
6771.T,6414813.0
6772.T,6760625.0
6775.T,14829086.0
6776.T,17013914.0
6777.T,11760380.0
6778.T,8720630.0
6779.T,22927570.0
6785.T,14359283.0
6786.T,25321026.0
6787.T,25666712.0
6788.T,7434190.0
6794.T,22467807.0
6797.T,11754754.0
6798.T,6328479.0
6800.T,23310477.0
6803.T,28801487.0
6804.T,49232672.0
6806.T,32721510.0
6807.T,67428249.0
6809.T,34695866.0
6810.T,36861232.0
6814.T,31608824.0
6817.T,33098854.0
6819.T,18503834.0
6820.T,14352251.0
6822.T,1337666.0
6823.T,12330318.0
6824.T,12169001.0
6832.T,11198937.0
6834.T,8939271.0
6835.T,103738657.0
6836.T,4745910.0
6837.T,57676113.0
6838.T,9121192.0
6840.T,9184580.0
6841.T,250567362.0
6844.T,10180979.0
6845.T,502437312.0
6848.T,19503230.0
6849.T,159972486.0
6850.T,16513350.0
6853.T,25071337.0
6855.T,14647476.0
6856.T,42011724.0
6857.T,723966490.0
6858.T,10425123.0
6859.T,21204614.0
6861.T,242525136.0
6862.T,7407010.0
6863.T,21472911.0
6864.T,7018774.0
6866.T,13405452.0
6867.T,4285731.0
6869.T,605197911.0
6870.T,5607453.0
6871.T,38764228.0
6874.T,8065974.0
6875.T,14083143.0
6877.T,14413987.0
6882.T,13310478.0
6888.T,9948057.0
6890.T,53790905.0
6894.T,1368060.0
6897.T,10665550.0
6898.T,816892.0
6899.T,3125631.0
6902.T,2507037643.0
6904.T,21151932.0
6905.T,41134162.0
6907.T,7910276.0
6908.T,21350505.0
6912.T,8327439.0
6914.T,35635389.0
6915.T,8413028.0
6918.T,5815303.0
6919.T,7275338.0
6920.T,89630673.0
6923.T,123110306.0
6925.T,79348017.0
6926.T,22383834.0
6927.T,18151667.0
6928.T,6597596.0
6929.T,20704508.0
6932.T,14768618.0
6941.T,18456920.0
6942.T,4628670.0
6943.T,822664.0
6946.T,14788813.0
6947.T,21075756.0
6951.T,48701239.0
6952.T,221413741.0
6954.T,933157949.0
6955.T,34504752.0
6958.T,71292834.0
6960.T,27015884.0
6961.T,9031712.0
6962.T,31803930.0
6963.T,386035069.0
6964.T,8873284.0
6965.T,289090537.0
6966.T,182749385.0
6969.T,3833931.0
6971.T,1298331244.0
6976.T,125146903.0
6977.T,1237203.0
6981.T,1820289278.0
6982.T,2589716.0
6986.T,42415125.0
6988.T,664221750.0
6989.T,7845153.0
6993.T,741943762.0
6994.T,25254838.0
6995.T,85147784.0
6996.T,67158643.0
6997.T,27379371.0
6998.T,4857093.0
6999.T,37137296.0
7003.T,100917879.0
7004.T,168230573.0
7011.T,3360209340.0
7012.T,873198060.0
7013.T,1060161928.0
7014.T,69545298.0
7018.T,1694755.0
7021.T,1964553.0
7022.T,33425163.0
7030.T,17649165.0
7031.T,2766391.0
7033.T,15758068.0
7034.T,10931594.0
7035.T,11261693.0
7036.T,3867546.0
7037.T,4568576.0
7038.T,11754986.0
7039.T,3607121.0
7040.T,6123155.0
7041.T,5577124.0
7042.T,3455810.0
7043.T,2549747.0
7044.T,7169400.0
7046.T,2093158.0
7047.T,13117851.0
7048.T,36603283.0
7049.T,8413975.0
7050.T,8958200.0
7057.T,2982951.0
7058.T,1447144.0
7059.T,38324078.0
7060.T,10159509.0
7061.T,8450610.0
7062.T,2608535.0
7063.T,33719992.0
7064.T,2717485.0
7065.T,7659496.0
7066.T,9004443.0
7067.T,1586715.0
7068.T,23867258.0
7069.T,8145804.0
7071.T,98104743.0
7072.T,3141729.0
7073.T,926106.0
7074.T,8486093.0
7075.T,7485880.0
7077.T,1806832.0
7078.T,10052613.0
7079.T,2404852.0
7080.T,7337044.0
7081.T,11121958.0
7082.T,9754972.0
7083.T,2066025.0
7084.T,3205422.0
7085.T,92092592.0
7087.T,6326927.0
7089.T,6452718.0
7090.T,1590599.0
7091.T,4484742.0
7093.T,2104160.0
7094.T,9768350.0
7095.T,12456425.0
7096.T,10070188.0
7097.T,4346516.0
7102.T,14429229.0
7110.T,7370302.0
7111.T,7288030.0
7112.T,6123914.0
7114.T,4461907.0
7115.T,9818488.0
7119.T,11048141.0
7120.T,4703898.0
7122.T,6880081.0
7126.T,3388906.0
7127.T,7351800.0
7128.T,24045783.0
7129.T,2802179.0
7130.T,27765796.0
7131.T,1322224.0
7133.T,7131872.0
7134.T,7926656.0
7135.T,37320666.0
7138.T,15984393.0
7140.T,2217717.0
7148.T,83736965.0
7150.T,8221479.0
7157.T,80340321.0
7161.T,26703442.0
7162.T,13145971.0
7164.T,132861715.0
7167.T,938552477.0
7172.T,62100679.0
7173.T,286255176.0
7175.T,5116664.0
7177.T,117989304.0
7180.T,422959668.0
7181.T,1083612396.0
7182.T,3561946621.0
7183.T,17371318.0
7184.T,60850455.0
7185.T,6153231.0
7186.T,1111477483.0
7187.T,17830576.0
7189.T,139282463.0
7191.T,22373023.0
7192.T,14701980.0
7196.T,9082148.0
7198.T,44452310.0
7199.T,38803929.0
7201.T,3496382520.0
7202.T,687237114.0
7203.T,11841052480.0
7208.T,5113182.0
7211.T,1338352676.0
7212.T,18573166.0
7213.T,15470971.0
7214.T,5326903.0
7215.T,9377872.0
7217.T,9811308.0
7218.T,9753824.0
7219.T,1414900.0
7220.T,65540871.0
7222.T,135452678.0
7224.T,66143345.0
7226.T,38507221.0
7228.T,2428933.0
7231.T,21615040.0
7235.T,9521383.0
7236.T,56610480.0
7238.T,271430085.0
7239.T,34320529.0
7240.T,158845095.0
7241.T,89303044.0
7242.T,40230725.0
7244.T,96249094.0
7245.T,46360468.0
7246.T,97552944.0
7247.T,33625083.0
7254.T,20868447.0
7255.T,3214356.0
7256.T,38692951.0
7259.T,701516506.0
7261.T,630970230.0
7264.T,6041996.0
7265.T,1024478.0
7266.T,21241950.0
7267.T,3892580441.0
7269.T,1929273897.0
7270.T,704575682.0
7271.T,10303330.0
7272.T,970378089.0
7273.T,29261220.0
7276.T,262526837.0
7277.T,31766442.0
7278.T,36169336.0
7279.T,36965060.0
7280.T,45983616.0
7282.T,117252287.0
7283.T,57302099.0
7284.T,3498853.0
7287.T,57476059.0
7291.T,18827996.0
7292.T,11585053.0
7294.T,20595177.0
7296.T,48434490.0
7297.T,7053998.0
7299.T,9832973.0
7305.T,9533818.0
7309.T,84990897.0
7313.T,116685153.0
7314.T,3157329.0
7317.T,21500488.0
7318.T,18174476.0
7320.T,10738374.0
7322.T,104061452.0
7325.T,8177333.0
7326.T,24820388.0
7327.T,262445800.0
7337.T,297170419.0
7343.T,5741567.0
7345.T,3298360.0
7347.T,19348123.0
7350.T,21346641.0
7351.T,8733973.0
7352.T,44349533.0
7353.T,6868950.0
7354.T,45550196.0
7356.T,14955953.0
7357.T,2796095.0
7358.T,9767228.0
7359.T,10074422.0
7360.T,2613535.0
7361.T,3112779.0
7362.T,1520644.0
7363.T,890752.0
7366.T,34090033.0
7367.T,21229140.0
7368.T,4720166.0
7369.T,4703799.0
7370.T,6763718.0
7371.T,12169100.0
7372.T,5139961.0
7373.T,14862940.0
7374.T,6251463.0
7375.T,3348284.0
7376.T,4242759.0
7377.T,8210720.0
7378.T,7029587.0
7380.T,177105130.0
7381.T,221041262.0
7383.T,99502999.0
7384.T,28315189.0
7388.T,23073155.0
7389.T,243733475.0
7399.T,6398480.0
7409.T,23773056.0
7412.T,193136265.0
7413.T,699673.0
7414.T,24432503.0
7416.T,15680053.0
7417.T,12124346.0
7419.T,290400271.0
7421.T,49352376.0
7422.T,5088200.0
7425.T,6599946.0
7426.T,1110839.0
7427.T,6073021.0
7433.T,18826390.0
7434.T,3922394.0
7435.T,7919414.0
7438.T,25634960.0
7442.T,18919831.0
7443.T,6257351.0
7444.T,5382679.0
7446.T,900908.0
7447.T,29922774.0
7453.T,530828292.0
7456.T,25841906.0
7458.T,103376893.0
7459.T,204698639.0
7460.T,24363852.0
7461.T,14832635.0
7462.T,8221980.0
7463.T,33580645.0
7464.T,1756132.0
7466.T,20193320.0
7472.T,3912341.0
7475.T,8355309.0
7476.T,71267610.0
7477.T,1419621.0
7480.T,12680465.0
7481.T,8300604.0
7482.T,23390636.0
7483.T,35893128.0
7486.T,12110410.0
7487.T,8415962.0
7490.T,6676444.0
7494.T,33786318.0
7500.T,3391740.0
7501.T,2476407.0
7502.T,2010138.0
7504.T,19553496.0
7505.T,11668510.0
7506.T,4702430.0
7508.T,43751498.0
7509.T,1458106.0
7510.T,16026990.0
7512.T,139126479.0
7513.T,77531108.0
7514.T,12241239.0
7515.T,934814.0
7516.T,28885119.0
7520.T,11134981.0
7521.T,6814255.0
7522.T,40104432.0
7523.T,9151687.0
7524.T,16028237.0
7525.T,8105941.0
7527.T,105802071.0
7531.T,3933791.0
7532.T,2989478375.0
7537.T,26242942.0
7538.T,12187247.0
7539.T,23231428.0
7544.T,7574362.0
7545.T,59726817.0
7550.T,156462287.0
75505.T,
7551.T,16038087.0
7552.T,43312589.0
7554.T,19111849.0
7555.T,5087674.0
7561.T,18491134.0
7562.T,4618176.0
7564.T,81613128.0
7565.T,1623694.0
7567.T,5078736.0
7570.T,19459328.0
7571.T,34875589.0
7575.T,70154478.0
7578.T,18451740.0
7581.T,49128591.0
7585.T,3811476.0
7590.T,16858453.0
7593.T,116255169.0
7595.T,68712592.0
7596.T,13957461.0
7599.T,100407228.0
7600.T,26353536.0
7601.T,11786899.0
7602.T,20728796.0
7603.T,74511283.0
7604.T,8885640.0
7606.T,27603664.0
7607.T,13414559.0
7608.T,16777122.0
7609.T,21064646.0
7610.T,61913115.0
7611.T,36003019.0
7613.T,47137653.0
7614.T,6659240.0
7615.T,20699564.0
7616.T,106305791.0
7619.T,8146361.0
7621.T,5615497.0
7624.T,54761230.0
7625.T,10420569.0
7628.T,25576909.0
7630.T,159605320.0
7634.T,3124900.0
7636.T,13759600.0
7637.T,11341709.0
7638.T,17155540.0
7640.T,15610920.0
7643.T,11237399.0
7646.T,6903967.0
7649.T,186054830.0
7670.T,10060322.0
7673.T,5332506.0
7674.T,2447072.0
7677.T,2873135.0
7678.T,10496326.0
7679.T,19450990.0
7681.T,5921763.0
7682.T,2169191.0
7683.T,19078918.0
7685.T,61829982.0
7686.T,29194651.0
7687.T,6614195.0
7689.T,2962876.0
7692.T,110130192.0
7694.T,5944887.0
7695.T,7468470.0
7698.T,3930404.0
7701.T,288940225.0
7702.T,24530500.0
7707.T,27460771.0
7709.T,13767789.0
7711.T,5514789.0
7713.T,7082172.0
7715.T,18572791.0
7716.T,83051482.0
7717.T,9453264.0
7719.T,7166725.0
7721.T,16432986.0
7722.T,13474166.0
7723.T,15341653.0
7725.T,10145393.0
7726.T,5593136.0
7727.T,20360414.0
7729.T,40589695.0
7730.T,98502602.0
7731.T,329416763.0
7733.T,1062819652.0
7734.T,45455784.0
7735.T,189087830.0
7740.T,161244949.0
7741.T,334518495.0
7743.T,30265786.0
7744.T,106011611.0
7745.T,27387321.0
7746.T,29091602.0
7747.T,265324323.0
7749.T,14478087.0
7751.T,849338762.0
7752.T,564812884.0
7760.T,15937299.0
7762.T,243993866.0
7769.T,7961648.0
7771.T,23970255.0
7774.T,40609950.0
7775.T,28728437.0
7776.T,38873763.0
7777.T,127981235.0
7779.T,133431005.0
7780.T,74206064.0
7781.T,15327254.0
7782.T,6525359.0
7791.T,4060651.0
7792.T,9096858.0
7793.T,2454379.0
7794.T,15946689.0
7795.T,41997950.0
7800.T,3218561.0
7803.T,135816166.0
7804.T,2330291.0
7805.T,4835246.0
7806.T,39334482.0
7807.T,4155496.0
7808.T,1849771.0
7809.T,8080479.0
7810.T,17046919.0
7811.T,8848685.0
7812.T,2963793.0
7813.T,3381466.0
7814.T,47462135.0
7815.T,2591879.0
7818.T,56543188.0
7819.T,12637374.0
7820.T,22756758.0
7821.T,66686037.0
7822.T,44195382.0
7823.T,32581660.0
7826.T,24599305.0
7827.T,1781669.0
7831.T,15522250.0
7832.T,641365963.0
7833.T,9634695.0
7836.T,35129566.0
7837.T,4139132.0
7839.T,51202714.0
7840.T,33372544.0
7841.T,8787422.0
7844.T,60573159.0
7846.T,105240453.0
7847.T,6485425.0
7849.T,3802560.0
7850.T,2999388.0
7851.T,4690789.0
7856.T,14089226.0
7857.T,4165443.0
7859.T,20035579.0
7860.T,42680772.0
7863.T,2874970.0
7864.T,53343865.0
7865.T,3826148.0
7867.T,86164084.0
7868.T,147869740.0
7871.T,19791542.0
7872.T,10477570.0
7874.T,33460148.0
7875.T,16723358.0
7877.T,1230064.0
7878.T,1496404.0
7879.T,14644714.0
7883.T,15532708.0
7885.T,15221580.0
7886.T,1648357.0
7887.T,4845955.0
7888.T,30483763.0
7893.T,24654478.0
7896.T,4463435.0
7897.T,28352098.0
7898.T,9308451.0
7901.T,1132059.0
7902.T,3638348.0
7906.T,85551553.0
7908.T,43665906.0
7911.T,280480732.0
7912.T,428858751.0
7914.T,27646282.0
7915.T,47413450.0
7916.T,3063266.0
7917.T,71367986.0
7918.T,45625683.0
7919.T,16142585.0
7921.T,12907691.0
7927.T,6945986.0
7928.T,3039271.0
7931.T,16161781.0
7932.T,2799931.0
7936.T,708911962.0
7937.T,15626641.0
7938.T,2979930.0
7939.T,3794645.0
7940.T,8445125.0
7942.T,26207054.0
7943.T,33203851.0
7944.T,26375403.0
7946.T,2512025.0
7947.T,80876774.0
7949.T,17600864.0
7951.T,439896956.0
7952.T,8602419.0
7953.T,12538336.0
7955.T,35264734.0
7956.T,119644838.0
7957.T,1531662.0
7962.T,28160155.0
7963.T,4838670.0
7965.T,63495309.0
7966.T,65481432.0
7970.T,80371721.0
7971.T,56744993.0
7972.T,49470136.0
7974.T,1152873205.0
7975.T,3392958.0
7976.T,50009235.0
7979.T,35589321.0
7980.T,7111364.0
7981.T,63231130.0
7983.T,2936056.0
7984.T,421054543.0
7985.T,957496.0
7986.T,1533593.0
7987.T,27124121.0
7988.T,93125689.0
7989.T,20101046.0
7990.T,21197983.0
7991.T,10327795.0
7992.T,29643193.0
7994.T,94673559.0
7995.T,17634067.0
7997.T,1669167.0
8001.T,6989912686.0
8002.T,1626862217.0
8005.T,33935901.0
8006.T,17662469.0
8007.T,34071534.0
8008.T,21474780.0
8011.T,9884106.0
8012.T,407832532.0
8013.T,7813976.0
8014.T,24645478.0
8015.T,1055776136.0
8016.T,136280898.0
8018.T,37263231.0
8020.T,166410767.0
8022.T,76043185.0
8023.T,12670043.0
8025.T,4034560.0
8029.T,7488614.0
8030.T,3994200.0
8031.T,2834188227.0
8032.T,110233136.0
8035.T,454651196.0
8037.T,30599358.0
8039.T,2223496.0
8040.T,3460878.0
8041.T,5397587.0
8043.T,57142351.0
8045.T,6026808.0
8046.T,17242250.0
8050.T,81741802.0
8051.T,88392776.0
8052.T,18369040.0
8053.T,4738846768.0
8056.T,96615835.0
8057.T,49320511.0
8058.T,3661498671.0
8059.T,31806830.0
8060.T,205995619.0
8061.T,35589538.0
8065.T,20709041.0
8066.T,83624174.0
8070.T,26120417.0
8074.T,21054023.0
8075.T,26422358.0
8076.T,9805093.0
8077.T,22615925.0
8078.T,193400064.0
8079.T,16573321.0
8081.T,22295661.0
8084.T,21531736.0
8085.T,5004103.0
8086.T,163095782.0
8088.T,230176049.0
8089.T,11631751.0
8091.T,8401549.0
8093.T,11935459.0
8095.T,40430543.0
8097.T,61882413.0
8098.T,53381913.0
8101.T,12136035.0
8103.T,37973787.0
8104.T,14793420.0
8105.T,64454391.0
8107.T,275365060.0
8111.T,136769331.0
8113.T,1720800317.0
8115.T,4507167.0
8117.T,55264839.0
8118.T,15942784.0
8119.T,9505360.0
8123.T,1824748.0
8125.T,49728793.0
8127.T,20359651.0
8129.T,64701623.0
8130.T,58791702.0
8131.T,54644841.0
8132.T,10839944.0
8133.T,112913876.0
8135.T,19574747.0
8136.T,1212430166.0
8137.T,15628099.0
8138.T,900122.0
8139.T,15335043.0
8141.T,28549899.0
8142.T,31884300.0
8143.T,2363742.0
8144.T,6282340.0
8147.T,5187118.0
8150.T,12242618.0
8151.T,21604929.0
8152.T,1937786.0
8153.T,30740296.0
8154.T,47659032.0
8157.T,18213397.0
8158.T,22823660.0
8159.T,21976781.0
8160.T,28159799.0
8163.T,41354126.0
8165.T,46775770.0
8166.T,41664884.0
8167.T,42389328.0
8173.T,25879676.0
8174.T,106526019.0
8179.T,98525544.0
8181.T,2568178.0
8185.T,33949164.0
8194.T,86517652.0
8198.T,31886042.0
8200.T,25914402.0
8202.T,91416157.0
8203.T,33325196.0
8207.T,40033085.0
8214.T,84158023.0
8217.T,40682544.0
8218.T,46957644.0
8219.T,141947727.0
8225.T,699338.0
8226.T,15119373.0
8227.T,207618153.0
8230.T,18190387.0
8233.T,293014400.0
8237.T,50740268.0
8242.T,113604152.0
8244.T,40329430.0
8247.T,5608708.0
8252.T,178710317.0
8253.T,143624239.0
8254.T,6939999.0
8255.T,87870663.0
8260.T,11111775.0
8267.T,2766624836.0
8273.T,210204435.0
8275.T,26113465.0
8276.T,49454870.0
8278.T,86646419.0
8281.T,41381923.0
8282.T,154510458.0
8283.T,60630924.0
8285.T,61570157.0
8291.T,59461571.0
8303.T,887000000.0
8304.T,138381076.0
8306.T,11276872492.0
8308.T,2242839988.0
8309.T,2753353840.0
8316.T,3812000785.0
8331.T,691264743.0
8334.T,378499650.0
8336.T,97022149.0
8337.T,57413683.0
8338.T,82410904.0
8341.T,223098270.0
8343.T,17797773.0
8344.T,31036435.0
8345.T,69032560.0
8346.T,249887384.0
8349.T,9460262.0
8354.T,188962650.0
8358.T,170079511.0
8359.T,455565137.0
8360.T,30684550.0
8361.T,41083303.0
8362.T,23656133.0
8364.T,11318754.0
8365.T,5335081.0
8366.T,229879370.0
8367.T,157062215.0
8368.T,241389718.0
8370.T,64413270.0
8377.T,119740444.0
8381.T,149680668.0
8383.T,9359182.0
8386.T,113087540.0
8387.T,41884149.0
8388.T,38876519.0
8392.T,75523855.0
8393.T,83913885.0
8395.T,16900962.0
8399.T,41006294.0
8410.T,1167984779.0
8411.T,2436438575.0
8416.T,10138931.0
8418.T,202331331.0
8424.T,90201481.0
8425.T,280186810.0
8439.T,488761866.0
8473.T,646391692.0
8508.T,132179647.0
8511.T,80962621.0
8518.T,27486383.0
8522.T,49196924.0
8524.T,374117080.0
8537.T,9529900.0
8541.T,39075801.0
8542.T,11542679.0
8544.T,118208940.0
8550.T,104132576.0
8551.T,8192606.0
8558.T,35436531.0
8562.T,34872094.0
8563.T,12673216.0
8566.T,30824441.0
8570.T,215884173.0
8572.T,1566613908.0
8584.T,44777278.0
8585.T,171185864.0
8591.T,1092232679.0
8593.T,1435921854.0
8595.T,52620089.0
8596.T,22621729.0
8600.T,192216142.0
8601.T,1388568756.0
8604.T,2922592249.0
8609.T,200796666.0
8613.T,66310521.0
8614.T,67916023.0
8616.T,253695999.0
8617.T,9433066.0
8622.T,60233891.0
8624.T,32160433.0
8628.T,257594793.0
8630.T,890644889.0
8697.T,1020235299.0
8698.T,251363684.0
8699.T,30096049.0
8700.T,3991080.0
8704.T,26380323.0
8705.T,49183484.0
8706.T,31498314.0
8707.T,23488725.0
8708.T,31173126.0
8713.T,17955940.0
8714.T,278444793.0
8715.T,73241120.0
8725.T,1441269682.0
8729.T,6708446123.0
8737.T,30267857.0
8739.T,39518738.0
8742.T,11755308.0
8746.T,18183240.0
8747.T,5689651.0
8750.T,3601693815.0
8766.T,1899768809.0
8769.T,15703546.0
8771.T,44416667.0
8772.T,32976000.0
8783.T,41544528.0
8789.T,192531047.0
8793.T,21544831.0
8795.T,478579799.0
8798.T,36946228.0
8801.T,2691285853.0
8802.T,1203128946.0
8803.T,66070258.0
8804.T,207619189.0
8818.T,95404662.0
8830.T,923616325.0
8835.T,7779275.0
8836.T,96013211.0
8841.T,88217483.0
8844.T,33835810.0
8848.T,317703614.0
8850.T,47344176.0
8860.T,35864453.0
8864.T,49380509.0
8869.T,23447684.0
8871.T,33235057.0
8876.T,151458315.0
8877.T,15429326.0
8881.T,46704621.0
8887.T,37606254.0
8891.T,2801150.0
8892.T,95889133.0
8894.T,150934206.0
8897.T,133618692.0
8898.T,10261748.0
8904.T,14503444.0
8908.T,17122806.0
8912.T,15486800.0
8914.T,50831968.0
8917.T,13913583.0
8918.T,1537882893.0
8919.T,78241206.0
8920.T,35284807.0
8923.T,97006100.0
8927.T,30537440.0
8928.T,10666801.0
8929.T,24062038.0
8931.T,10957520.0
8934.T,57184694.0
8935.T,32752185.0
8938.T,10407861.0
8944.T,19846115.0
8945.T,9283164.0
8946.T,26725000.0
8995.T,2011726.0
8996.T,3833140.0
8999.T,28995865.0
9001.T,195531351.0
9003.T,95969073.0
9005.T,567323951.0
9006.T,265453033.0
9007.T,344203116.0
9008.T,582093141.0
9009.T,482239218.0
9010.T,53097903.0
9012.T,1485166.0
9017.T,3840981.0
9020.T,1129068483.0
9021.T,455083814.0
9022.T,951068309.0
9023.T,580596893.0
9024.T,254177788.0
9025.T,53099618.0
9028.T,16803262.0
9029.T,13074975.0
9031.T,75513614.0
9033.T,30389024.0
9034.T,9451040.0
9036.T,5488966.0
9037.T,74044122.0
9039.T,40259728.0
9041.T,190148337.0
9042.T,234043780.0
9044.T,108199677.0
9045.T,100900537.0
9046.T,7911649.0
9048.T,196130264.0
9049.T,1987158.0
9051.T,4940719.0
9052.T,22219659.0
9057.T,7473531.0
9059.T,21425622.0
9060.T,1354130.0
9063.T,2026592.0
9064.T,316676561.0
9065.T,50145696.0
9068.T,19278724.0
9069.T,167418605.0
9072.T,116658272.0
9073.T,2794662.0
9074.T,3266071.0
9075.T,35221309.0
9076.T,162347612.0
9081.T,12271086.0
9082.T,4454290.0
9083.T,12075070.0
9087.T,1946340.0
9090.T,134683245.0
9101.T,403556142.0
9104.T,343615996.0
9107.T,605673949.0
9110.T,23565487.0
9115.T,34056345.0
9119.T,105802797.0
9127.T,1529970.0
9130.T,7647663.0
9142.T,153833866.0
9143.T,596733203.0
9145.T,24099260.0
9147.T,241388950.0
9158.T,29315309.0
9159.T,2606490.0
9160.T,25071435.0
9162.T,25731800.0
9163.T,8753858.0
9165.T,2350000.0
9166.T,181883006.0
9168.T,23948440.0
9171.T,11883040.0
9173.T,2194618.0
9193.T,9953175.0
9201.T,429827709.0
92015.T,
9202.T,435557474.0
92025.T,
9204.T,60157170.0
9206.T,3783633.0
9211.T,12238769.0
9212.T,11359264.0
9213.T,1320758.0
9214.T,1304498.0
9215.T,1872899.0
9216.T,14183148.0
9218.T,10507236.0
9219.T,5596598.0
9220.T,2436700.0
9221.T,11592992.0
9223.T,12437852.0
9225.T,2075500.0
9227.T,15904490.0
9229.T,32432508.0
9233.T,18198534.0
9235.T,8103791.0
9236.T,1478605.0
9237.T,3891910.0
9238.T,2300606.0
9240.T,4838398.0
9241.T,866101.0
9242.T,1232157.0
9244.T,1430999.0
9245.T,5306751.0
9246.T,5322166.0
9247.T,47024347.0
9248.T,8891202.0
9249.T,8712837.0
9250.T,1496727.0
9251.T,14246049.0
9252.T,2727601.0
9253.T,2490701.0
9254.T,1602175.0
9256.T,3581200.0
9258.T,6662259.0
9259.T,5610429.0
9262.T,10927977.0
9264.T,4523160.0
9265.T,2545653.0
9267.T,30479115.0
9268.T,68443408.0
9270.T,13173880.0
9271.T,7533724.0
9272.T,9793850.0
9273.T,42118504.0
9274.T,62321933.0
9278.T,17552505.0
9279.T,20046704.0
9301.T,340779294.0
9302.T,74787026.0
9303.T,75853727.0
9304.T,57643787.0
9305.T,21125154.0
9306.T,7518546.0
9307.T,16302504.0
9308.T,25181468.0
9310.T,61747432.0
9311.T,1414531.0
9312.T,6528538.0
9313.T,5921193.0
9319.T,17777104.0
9322.T,7685247.0
9324.T,28710650.0
9325.T,10751340.0
9326.T,10133907.0
9327.T,15843000.0
9330.T,1433455.0
9331.T,1960420.0
9332.T,33672734.0
9336.T,99876224.0
9337.T,3302776.0
9339.T,2363346.0
9340.T,9814150.0
9341.T,17338032.0
9342.T,2405157.0
9343.T,18418700.0
9344.T,4970907.0
9345.T,3248034.0
9346.T,3677657.0
9347.T,36320947.0
9348.T,146303888.0
9351.T,7173025.0
9353.T,1521755.0
9355.T,2626344.0
9360.T,2844942.0
9361.T,2588897.0
9362.T,1199843.0
9363.T,4849854.0
9364.T,98733037.0
9365.T,1466099.0
9366.T,5638280.0
9367.T,8643450.0
9368.T,41126078.0
9369.T,24856503.0
9376.T,3689974.0
9380.T,27821117.0
9381.T,23493592.0
9385.T,7727264.0
9401.T,156887976.0
9404.T,244832918.0
9405.T,41611955.0
9408.T,5951145.0
9409.T,100539334.0
9412.T,283488918.0
9413.T,26718293.0
9414.T,17833994.0
9416.T,47559163.0
9417.T,9937910.0
9418.T,180374910.0
9419.T,10880574.0
9421.T,5292784.0
9423.T,24241772.0
9424.T,166809235.0
9425.T,6814780.0
9428.T,9456106.0
9432.T,81423624610.0
9433.T,3807338985.0
9434.T,47833719783.0
94345.T,
94346.T,
9435.T,43751453.0
9436.T,91896579.0
9438.T,55540186.0
9439.T,11542052.0
9441.T,12240712.0
9444.T,6464719.0
9445.T,16755959.0
9446.T,7551795.0
9449.T,97530647.0
9450.T,20121358.0
9466.T,13103009.0
9467.T,29061174.0
9468.T,146972883.0
9470.T,41624692.0
9474.T,53386572.0
9475.T,17997221.0
9476.T,3872376.0
9478.T,15124617.0
9501.T,1602702047.0
9502.T,755393538.0
9503.T,1114056720.0
9504.T,359576341.0
9505.T,208905235.0
9506.T,500795481.0
9507.T,204373467.0
9508.T,472778133.0
9509.T,205350999.0
9511.T,54315065.0
9513.T,176008295.0
9514.T,21155584.0
9517.T,78026678.0
9519.T,90395000.0
9531.T,330480306.0
9532.T,380289417.0
9533.T,358059115.0
9534.T,88273250.0
9535.T,68735573.0
9536.T,35991524.0
9537.T,4665402.0
9539.T,32154219.0
9543.T,75352967.0
9551.T,43745886.0
9552.T,50695447.0
9553.T,26519359.0
9554.T,6360215.0
9556.T,9414216.0
9557.T,8284200.0
9558.T,3964999.0
9560.T,12511721.0
9561.T,8436508.0
9562.T,4241577.0
9563.T,7429923.0
9564.T,22073732.0
9565.T,2775872.0
9601.T,13743685.0
9602.T,831851262.0
9603.T,74764896.0
9605.T,62486932.0
9610.T,11154968.0
9612.T,11365849.0
9616.T,90919110.0
9619.T,23677308.0
9621.T,27305497.0
9622.T,24532746.0
9625.T,5481772.0
9627.T,35149921.0
9628.T,23653348.0
9629.T,20051931.0
9632.T,12904602.0
9633.T,6774197.0
9635.T,1046079.0
9636.T,2787966.0
9639.T,22225053.0
9640.T,16199377.0
9644.T,32109744.0
9647.T,584744.0
9651.T,9694435.0
9656.T,10337423.0
9658.T,32455905.0
9661.T,12119644.0
9663.T,15498622.0
9672.T,26036675.0
9678.T,34260977.0
9679.T,4192148.0
9682.T,156693283.0
9684.T,360618837.0
9685.T,5079442.0
9686.T,10545817.0
9687.T,6063420.0
9691.T,3498444.0
9692.T,30965564.0
9697.T,418308843.0
9698.T,7680377.0
9699.T,27763200.0
9701.T,3299009.0
9702.T,11478348.0
9704.T,266703879.0
9706.T,92824227.0
9708.T,118327967.0
9709.T,14886517.0
9713.T,15273009.0
9715.T,37472708.0
9716.T,111592789.0
9720.T,1180649.0
9722.T,59918510.0
9723.T,12065158.0
9726.T,27319257.0
9729.T,30884672.0
9731.T,3750649.0
9733.T,23878586.0
9735.T,400939869.0
9739.T,14899377.0
9740.T,14001714.0
9742.T,20822447.0
9743.T,47318278.0
9744.T,77206709.0
9746.T,49794295.0
9753.T,9570442.0
9755.T,22787574.0
9757.T,93369612.0
9759.T,75766245.0
9760.T,16648474.0
9761.T,3463746.0
9763.T,9517515.0
9765.T,15802603.0
9766.T,135556483.0
9767.T,1822174.0
9768.T,7138946.0
9769.T,10868197.0
9778.T,591778.0
9780.T,8914629.0
9782.T,5426487.0
9788.T,40641473.0
9790.T,20675187.0
9791.T,7543756.0
9793.T,47285524.0
9795.T,15494228.0
9799.T,15252624.0
9812.T,6408597.0
9816.T,8898580.0
9818.T,7674612.0
9820.T,1076266.0
9823.T,50022246.0
9824.T,17070070.0
9827.T,12316946.0
9828.T,17659526.0
9830.T,65940073.0
9831.T,664975433.0
9832.T,78528152.0
9835.T,8109746.0
9837.T,24806951.0
9842.T,62823018.0
9843.T,565057238.0
9845.T,25028415.0
9846.T,11488865.0
9849.T,675959.0
9850.T,22874025.0
9853.T,6108478.0
9854.T,19406715.0
9856.T,31355927.0
9857.T,6328599.0
9861.T,64726665.0
9867.T,863857.0
9869.T,30182440.0
9872.T,9284918.0
9876.T,27623834.0
9878.T,3206612.0
9880.T,12034647.0
9882.T,84877870.0
9885.T,14884022.0
9887.T,20594737.0
9888.T,10299406.0
9889.T,60672542.0
9890.T,10005007.0
9895.T,1758539.0
9896.T,26725756.0
9900.T,30124548.0
9902.T,29538328.0
9903.T,7456078.0
9904.T,27134232.0
9906.T,8456564.0
9908.T,11353098.0
9913.T,9066784.0
9914.T,2242142.0
9928.T,29943906.0
9929.T,9251022.0
9930.T,18589882.0
9932.T,17478265.0
9934.T,112294152.0
9936.T,52531261.0
9941.T,2427025.0
9946.T,29007859.0
9948.T,53280352.0
9950.T,2940025.0
9955.T,12255049.0
9956.T,57368171.0
9959.T,12336030.0
9960.T,41006207.0
9962.T,263808573.0
9969.T,15337673.0
9972.T,13769369.0
9973.T,294614299.0
9974.T,20830896.0
9976.T,5429128.0
9978.T,43821792.0
9979.T,20985074.0
9980.T,91649468.0
9982.T,8434335.0
9983.T,306851024.0
9984.T,5698923701.0
9986.T,5438072.0
9987.T,67637845.0
9989.T,116982899.0
9990.T,29268436.0
9991.T,33646255.0
9993.T,10266849.0
9994.T,10841414.0
9996.T,8340214.0
9997.T,96174600.0
