edinet_code,name,count,auto_rank,pin
E11943,エボ ファンド(Evo Fund),270,1,
E34375,エボリューション・キャピタル・マネジメント・エルエルシー(Evolution Capital Management LLC),262,2,
E35239,光通信株式会社,228,3,
E35629,株式会社UH Partners 2,154,4,
E03810,野村證券株式会社,140,5,
E20003,ノムラ インターナショナル ピーエルシー(NOMURA INTERNATIONAL PLC),124,6,
E06485,野村アセットマネジメント株式会社,121,7,
E35630,株式会社UH Partners 3,85,8,
E40468,株式会社UH5,82,9,
E31883,オアシス マネジメント カンパニー リミテッド(Oasis Management Company Ltd.),70,10,
E34595,アセット・バリュー・インベスターズ・リミテッド (Asset Value Investors Limited),66,11,
E03816,株式会社SBI証券,65,12,
E31712,野村絢,64,13,
E36069,ロング コリドー アセット マネジメント リミテッド(Long Corridor Asset Management Limited),63,14,
E35393,株式会社シティインデックスイレブンス,62,15,
E27325,株式会社ストラテジックキャピタル,51,16,
E36831,株式会社エスアイエル,51,17,
E36549,キャンター フィッツジェラルド ヨーロッパ(Cantor Fitzgerald Europe),47,18,
E39237,"ダルトン・インベストメンツ・インク(Dalton Investments, Inc.)",44,19,
E11852,エフィッシモ キャピタル マネージメント ピーティーイー エルティーディー(Effissimo Capital Management Pte. Ltd.),43,20,
E26526,株式会社ATRA,42,21,
E38713,株式会社アイビー,37,22,
E24872,シルチェスター・インターナショナル・インベスターズ・エルエルピー (Silchester International Investors LLP),36,23,
E10227,SBIインベストメント株式会社,33,24,
E23594,マッコーリー バンク リミテッド (Macquarie Bank Limited),33,25,
E36104,ニッポン・アクティブ・バリュー・ファンド(NIPPON ACTIVE VALUE FUND PLC),32,26,
E12430,アモーヴァ・アセットマネジメント株式会社,31,27,
E12444,三井住友トラスト・アセットマネジメント株式会社,31,28,
E36634,植島 幹九郎,31,29,
E36950,エヌエーブイエフ・セレクト・マスター・ファンド・エルピー(NAVF Select (Master) Fund LP),31,30,
E36209,さくら損害保険株式会社,30,31,
E39020,株式会社DOE5パーセント,29,32,
E40184,株式会社シティインデックスファースト,29,33,
E10677,アセットマネジメントOne株式会社,28,34,
E39787,株式会社ナチュラリ,28,35,
E38375,株式会社エヌオーアイ,27,36,
E41499,株式会社UH6,27,37,
E06264,JPモルガン・アセット・マネジメント株式会社,26,38,
E09862,ジェー・ピー・モルガン・セキュリティーズ・ピーエルシー (J.P. Morgan Securities plc),26,39,
E11311,ジェー・ピー・モルガン・セキュリティーズ・エルエルシー (J.P. Morgan Securities LLC),26,40,
E39685,グロースパートナーズ株式会社,26,41,
E39686,古川 徳厚,26,42,
E06267,キャピタル・リサーチ・アンド・マネージメント・カンパニー(Capital Research and Management Company),25,43,
E33140,株式会社EPARK,25,44,
E03759,みずほ証券 株式会社,24,45,
E40713,アクシウム・キャピタル・ピーティーイー・エルティーディー(Axium Capital Pte. Ltd.),24,46,
E34539,"ハイツ・キャピタル・マネジメント・インク(Heights Capital Management, Inc.)",23,47,
E38244,ありあけキャピタル株式会社,23,48,
E39368,株式会社ドリームキャリアホールディングス,23,49,
E21418,JPモルガン・アセット・マネジメント(アジア・パシフィック)リミテッド (JPMorgan Asset Management (Asia Pacific) Limited),22,50,
