name,id,display,group_id,group_display,note
Barclays Capital Securities Ltd,barclays-capital-securities,バークレイズ・キャピタル・セキュリティーズ,barclays,バークレイズ,
Barclays Bank PLC,barclays-bank,バークレイズ・バンク,barclays,バークレイズ,
Barclays Capital Inc,barclays-capital-inc,Barclays Capital Inc,barclays,バークレイズ,米国法人
モルガン・スタンレーMUFG証券株式会社,morgan-stanley-mufg,モルガン・スタンレーMUFG証券,morgan-stanley,モルガン・スタンレー,
Morgan Stanley & Co. International plc,morgan-stanley-international,モルガン・スタンレー・アンド・カンパニー・インターナショナル,morgan-stanley,モルガン・スタンレー,
三菱ＵＦＪモルガン・スタンレー証券株式会社,mufg-morgan-stanley,三菱UFJモルガン・スタンレー証券,,,★要確認: 三菱UFJ側が主の合弁。モルガン・スタンレーのグループには入れず単独にした
GOLDMAN SACHS INTERNATIONAL,goldman-sachs-international,ゴールドマン・サックス・インターナショナル,goldman-sachs,ゴールドマン・サックス,
"GOLDMAN SACHS JAPAN CO., LTD.",goldman-sachs-japan,ゴールドマン・サックス証券,goldman-sachs,ゴールドマン・サックス,"Goldman Sachs Japan Co., Ltd. の日本語社名"
Nomura International plc,nomura-international,ノムラ・インターナショナル,nomura,野村,
野村證券株式会社,nomura-securities,野村證券,nomura,野村,
Nomura Asset Management Singapore Limited,nomura-am-singapore,Nomura Asset Management Singapore,nomura,野村,運用会社（証券会社ではない）
JPM Securities Japan Co Ltd.,jpm-securities-japan,JPM Securities Japan,jpmorgan,JPモルガン,★要確認: JPモルガン証券（JPMorgan Securities Japan）と同一か確信が無いので英語名のまま
J.P. MORGAN SECURITIES PLC,jp-morgan-securities-plc,J.P.モルガン・セキュリティーズ・ピーエルシー,jpmorgan,JPモルガン,
UBS AG,ubs-ag,UBS AG,ubs,UBS,
UBS証券株式会社,ubs-securities-japan,UBS証券,ubs,UBS,
Citigroup Global Markets Limited,citigroup-global-markets,シティグループ・グローバル・マーケッツ・リミテッド,,,
MERRILL LYNCH INTERNATIONAL,merrill-lynch-international,メリルリンチ・インターナショナル,,,
大和証券株式会社,daiwa-securities,大和証券,,,
BNP Paribas Financial Markets SNC,bnp-paribas-financial-markets,BNPパリバ・フィナンシャル・マーケッツ,,,
"Diversified Select Opportunities, LLC",diversified-select-opportunities,Diversified Select Opportunities,,,
Jane Street Asia Trading Limited,jane-street-asia,Jane Street Asia Trading,,,
個人,,,,,★除外: 個人の報告者をまとめた区分で特定の機関ではないため、ページを作らない
Jump Trading Pacific Pte Ltd,jump-trading-pacific,Jump Trading Pacific,,,
Numeric Investors LLC,numeric-investors,Numeric Investors,,,
"Arrowstreet Capital, Limited Partnership",arrowstreet-capital,Arrowstreet Capital,,,
ＳＭＢＣ日興証券株式会社,smbc-nikko,SMBC日興証券,,,
"PDT Partners, LLC",pdt-partners,PDT Partners,,,
みずほ証券株式会社,mizuho-securities,みずほ証券,,,
ベル投資事業有限責任組合1,bell-investment-1,ベル投資事業有限責任組合1,,,
Jefferies International Limited,jefferies-international,ジェフリーズ・インターナショナル,,,
Man Solutions Limited,man-solutions,Man Solutions,,,
Macquarie Bank Limited,macquarie-bank,マッコーリー・バンク,,,
Caisse de dépôt et placement du Québec,cdpq,Caisse de dépôt et placement du Québec,,,カナダ・ケベック州の公的年金運用機関
Societe Generale,societe-generale,ソシエテ・ジェネラル,,,
Flow Traders Asia Pte Ltd.,flow-traders-asia,Flow Traders Asia,,,
Pacific Alliance Group Ltd.,pacific-alliance-group,Pacific Alliance Group,,,
The Hongkong and Shanghai Banking Corporation Limited,hsbc,香港上海銀行（HSBC）,,,
スパークス・アセット・マネジメント株式会社,sparx-asset-management,スパークス・アセット・マネジメント,,,
Wellington Management Company LLP on behalf of Bay Pond Investors (Bermuda) L.P.,wellington-bay-pond-investors,Wellington Management（Bay Pond Investors (Bermuda)）,wellington,ウェリントン・マネジメント,
"Wellington Management Company LLP on behalf of Bay Pond Partners, L.P.",wellington-bay-pond-partners,Wellington Management（Bay Pond Partners）,wellington,ウェリントン・マネジメント,
Wellington Management Company LLP on behalf of Global Research Equity Extended Master Fund (Cayman) L.P.,wellington-global-research-equity,Wellington Management（Global Research Equity Extended Master Fund）,wellington,ウェリントン・マネジメント,
"AQR Capital Management, LLC",aqr-capital-management,AQR Capital Management,,,
岡三証券株式会社,okasan-securities,岡三証券,,,
Qube Research & Technologies Limited,qube-research-technologies,Qube Research & Technologies,,,
Squarepoint Operations Private Limited,squarepoint-operations,Squarepoint Operations,squarepoint,Squarepoint,
Squarepoint Ops LLC,squarepoint-ops-llc,Squarepoint Ops LLC,squarepoint,Squarepoint,
Tower Research Capital (Singapore) Pte. Ltd.,tower-research-capital-singapore,Tower Research Capital (Singapore),,,
Bronte Capital Management Pty Ltd,bronte-capital,Bronte Capital Management,,,
ARGO株式会社,argo,ARGO,,,
Maple Rock Master Fund LP,maple-rock-master-fund,Maple Rock Master Fund,,,
CX Cadence Limited,cx-cadence,CX Cadence,,,
"Canada Pension Plan Investment Board (""CPPIB"")",cppib,Canada Pension Plan Investment Board（CPPIB）,,,カナダ年金制度投資委員会
クロコス株式会社,kurokosu,クロコス,,,IDはカタカナのヘボン式（正式な英字表記を確認できなかった）
AHL Partners LLP,ahl-partners,AHL Partners,,,
Linden Capital L.P.,linden-capital,Linden Capital,,,
Point72 Hong Kong Limited,point72-hong-kong,Point72 Hong Kong,,,
"Boothbay Fund Management, LLC",boothbay-fund-management,Boothbay Fund Management,,,
Algert Global LLC,algert-global,Algert Global,,,
"Two Sigma Absolute Return Portfolio, LLC",two-sigma-absolute-return,Two Sigma Absolute Return Portfolio,two-sigma,Two Sigma,
"Two Sigma Equity Spectrum Portfolio, LLC",two-sigma-equity-spectrum,Two Sigma Equity Spectrum Portfolio,two-sigma,Two Sigma,
DRW Singapore Pte. Ltd.,drw-singapore,DRW Singapore,,,
光世証券株式会社,kosei-securities,光世証券,,,
Lazard Asset Management LLC,lazard-asset-management,Lazard Asset Management,,,
Balance Master Fund L.P.,balance-master-fund,Balance Master Fund,,,
Gordian Capital Singapore Private Limited,gordian-capital-singapore,Gordian Capital Singapore,,,
Jin Investment Management Pte Ltd,jin-investment-management,Jin Investment Management,,,
IQ EQ Fund Management (Singapore) Private Limited,iq-eq-fund-management-singapore,IQ EQ Fund Management (Singapore),,,
Ｂホールディングス 合同会社,b-holdings,Bホールディングス合同会社,,,
Plato Investment Management Limited,plato-investment-management,Plato Investment Management,,,
Susquehanna Pacific Pty Ltd,susquehanna-pacific,Susquehanna Pacific,,,
Nine Masts Investment Fund,nine-masts-investment-fund,Nine Masts Investment Fund,,,
General Partner of Key Group Long Term Investments LP,key-group-long-term-investments,Key Group Long Term Investments,,,
株式会社SKI Partners,ski-partners,SKI Partners,,,
FGI キャピタル・パートナーズ 株式会社,fgi-capital-partners,FGIキャピタル・パートナーズ,,,
Sculptor Capital LP,sculptor-capital,Sculptor Capital,,,
